002333d6-c9bd-11ef-8d37-0a58a9feac02,fc2c3232-c976-11ef-b3f5-0a58a9feac02
00313436-ce86-11ef-b1c7-0a58a9feac02,002d78dc-ce86-11ef-b1c7-0a58a9feac02
006b3fec-c9ad-11ef-8d37-0a58a9feac02,7165d964-ab85-11ef-b233-0a58a9feac02
02796f4a-c690-11ef-bc79-0a58a9feac02,5ad80ea4-c68f-11ef-bc79-0a58a9feac02
027a4756-cd09-11ef-8d37-0a58a9feac02,b85033c6-ab88-11ef-a448-0a58a9feac02
03cabba4-c6ab-11ef-b3f5-0a58a9feac02,5be7b142-c14d-11ef-8d37-0a58a9feac02
082a24ae-cc1a-11ef-bc79-0a58a9feac02,ec0d4174-c75b-11ef-b1c7-0a58a9feac02
08728296-cd2b-11ef-b3f5-0a58a9feac02,fbf69ac2-a677-11ef-845d-0a58a9feac02
08d19896-b938-11ef-b1c7-0a58a9feac02,08cf2b10-b938-11ef-b1c7-0a58a9feac02
0b061cf8-eaa9-11ee-bf3b-0a58a9feac02,0b032c28-eaa9-11ee-bf3b-0a58a9feac02
0bb01cf2-c68c-11ef-bc79-0a58a9feac02,0bad52e2-c68c-11ef-bc79-0a58a9feac02
0c22a8f2-c435-11ef-add0-0a58a9feac02,2eb63b2c-c430-11ef-8d37-0a58a9feac02
0c3937ac-c9ad-11ef-b1c7-0a58a9feac02,0c364592-c9ad-11ef-b1c7-0a58a9feac02
0cca6e98-6ae9-11ef-ae41-0a58a9feac02,0cc6e750-6ae9-11ef-ae41-0a58a9feac02
0d2ce7e8-ce81-11ef-b3f5-0a58a9feac02,7ee1cbb2-c18c-11ef-add0-0a58a9feac02
0dff67e2-bd59-11ef-8d37-0a58a9feac02,0dfc8356-bd59-11ef-8d37-0a58a9feac02
0e1bbdce-5a68-11ef-9d67-0a58a9feac02,0e19a0fc-5a68-11ef-9d67-0a58a9feac02
0eae3e26-b93e-11ef-b1c7-0a58a9feac02,0eabddb6-b93e-11ef-b1c7-0a58a9feac02
0f63d24a-c62c-11ef-b3f5-0a58a9feac02,0f4c46c0-c62c-11ef-b3f5-0a58a9feac02
0fb8a768-c47c-11ef-bc79-0a58a9feac02,18d66520-c200-11ef-b3f5-0a58a9feac02
1042da60-c47b-11ef-add0-0a58a9feac02,f8f49542-c461-11ef-bc79-0a58a9feac02
105f6516-00a1-11ef-a614-0a58a9feac02,105bffc0-00a1-11ef-a614-0a58a9feac02
1106e538-c203-11ef-bc79-0a58a9feac02,11047f28-c203-11ef-bc79-0a58a9feac02
111a5378-ce6c-11ef-b3f5-0a58a9feac02,0e775e50-ccfe-11ef-b1c7-0a58a9feac02
130d4ffa-6ae9-11ef-ae41-0a58a9feac02,130b2928-6ae9-11ef-ae41-0a58a9feac02
1349e182-7425-11ef-8057-0a58a9feac02,1347591c-7425-11ef-8057-0a58a9feac02
13ad23ea-5a68-11ef-b754-0a58a9feac02,13aa89f0-5a68-11ef-b754-0a58a9feac02
13c7d11e-cd08-11ef-b3f5-0a58a9feac02,5620bc2e-c434-11ef-bc79-0a58a9feac02
13d3ef74-c454-11ef-add0-0a58a9feac02,bd92c084-b177-11ef-845d-0a58a9feac02
14d33402-c8f0-11ef-b3f5-0a58a9feac02,65190a36-b103-11ef-b233-0a58a9feac02
15041c18-c38a-11ef-b3f5-0a58a9feac02,1501936c-c38a-11ef-b3f5-0a58a9feac02
15525fbc-e7b8-11ee-a383-0a58a9feac02,3cd62ccc-d3df-11ee-a63a-0a58a9feac02
15da8e5a-cd09-11ef-b1c7-0a58a9feac02,444ab1e8-c912-11ef-8d37-0a58a9feac02
160dde44-ce63-11ef-8d37-0a58a9feac02,160b71ea-ce63-11ef-8d37-0a58a9feac02
168cdb84-cc62-11ef-b3f5-0a58a9feac02,f358ad70-c6b0-11ef-b3f5-0a58a9feac02
17cc648a-cd0a-11ef-8d37-0a58a9feac02,fa8142d2-beb9-11ef-bc79-0a58a9feac02
18dbf07c-7425-11ef-bc51-0a58a9feac02,18d9e3e0-7425-11ef-bc51-0a58a9feac02
1ae73d80-7e0d-11ef-a193-0a58a9feac02,1ae4ee36-7e0d-11ef-a193-0a58a9feac02
1f7465a4-92ca-11ef-b0c7-0a58a9feac02,1f723626-92ca-11ef-b0c7-0a58a9feac02
1f7b895e-c909-11ef-b1c7-0a58a9feac02,1f77caee-c909-11ef-b1c7-0a58a9feac02
2176b982-be27-11ef-b1c7-0a58a9feac02,21743540-be27-11ef-b1c7-0a58a9feac02
2192988c-3bc3-11ef-85e1-0a58a9feac02,21900e14-3bc3-11ef-85e1-0a58a9feac02
21a893a8-d7cd-11ee-9eab-0a58a9feac02,21a6fa2a-d7cd-11ee-9eab-0a58a9feac02
21f258e4-aefa-11ef-a448-0a58a9feac02,21ee6e6e-aefa-11ef-a448-0a58a9feac02
2249d3a6-c3a1-11ef-b3f5-0a58a9feac02,fa82c89c-ab85-11ef-ab9b-0a58a9feac02
2268e496-5031-11ef-a884-0a58a9feac02,22660546-5031-11ef-a884-0a58a9feac02
23354836-cf86-11ef-b1c7-0a58a9feac02,23324e38-cf86-11ef-b1c7-0a58a9feac02
25013de4-b705-11ef-8d37-0a58a9feac02,24f80558-b705-11ef-8d37-0a58a9feac02
2501891a-c68d-11ef-bc79-0a58a9feac02,24ff5618-c68d-11ef-bc79-0a58a9feac02
2567a9da-c6e1-11ef-8d37-0a58a9feac02,2564f9c4-c6e1-11ef-8d37-0a58a9feac02
26629304-92ca-11ef-984a-0a58a9feac02,266033a2-92ca-11ef-984a-0a58a9feac02
26cf75c2-ccfa-11ef-8d37-0a58a9feac02,9706d694-bed3-11ef-8d37-0a58a9feac02
2833aafa-5031-11ef-a303-0a58a9feac02,2831a5ac-5031-11ef-a303-0a58a9feac02
2836d936-ceea-11ef-bc79-0a58a9feac02,950379e4-cd59-11ef-b3f5-0a58a9feac02
28d9a0b8-fbea-11ee-8953-0a58a9feac02,28d738b4-fbea-11ee-8953-0a58a9feac02
29ae0818-856e-11ef-a193-0a58a9feac02,29ab9dbc-856e-11ef-a193-0a58a9feac02
2a9ae4d2-aef7-11ef-90f2-0a58a9feac02,2a9857ee-aef7-11ef-90f2-0a58a9feac02
2b62b410-c42f-11ef-8d37-0a58a9feac02,2b601ad4-c42f-11ef-8d37-0a58a9feac02
2bcece10-ce8a-11ef-8d37-0a58a9feac02,2bcbb220-ce8a-11ef-8d37-0a58a9feac02
2bd9e9b0-b933-11ef-b3f5-0a58a9feac02,2bd69724-b933-11ef-b3f5-0a58a9feac02
2beab380-cf86-11ef-b3f5-0a58a9feac02,2be858c4-cf86-11ef-b3f5-0a58a9feac02
2c2b7682-cebd-11ef-bc79-0a58a9feac02,2c27acdc-cebd-11ef-bc79-0a58a9feac02
2c92b09e-c3a1-11ef-b3f5-0a58a9feac02,d307be76-ab85-11ef-ab9b-0a58a9feac02
2cfbd2b8-f9c1-11ee-9935-0a58a9feac02,2cf9d7a6-f9c1-11ee-9935-0a58a9feac02
2d94c1f2-cc08-11ef-bc79-0a58a9feac02,0e6c67ee-ab88-11ef-ab9b-0a58a9feac02
2e6451fe-fbea-11ee-a614-0a58a9feac02,2e626ca4-fbea-11ee-a614-0a58a9feac02
2f57029c-cd08-11ef-b3f5-0a58a9feac02,3647e410-c42d-11ef-b3f5-0a58a9feac02
2f570408-ce67-11ef-b1c7-0a58a9feac02,d028ec76-ce66-11ef-b3f5-0a58a9feac02
2fe34ad6-856e-11ef-a50c-0a58a9feac02,2fe0eeee-856e-11ef-a50c-0a58a9feac02
30c84e8a-cd15-11ef-8d37-0a58a9feac02,c0da36b0-ac30-11ef-a448-0a58a9feac02
32e684d8-d04f-11ef-b1c7-0a58a9feac02,d307d4fa-c51c-11ef-b3f5-0a58a9feac02
34f31a30-cf54-11ef-bc79-0a58a9feac02,d1639e8e-ccf8-11ef-b3f5-0a58a9feac02
35ade200-856e-11ef-a193-0a58a9feac02,35a936ba-856e-11ef-a193-0a58a9feac02
36842782-ad4d-11ef-b233-0a58a9feac02,5d7fb910-ad4c-11ef-b233-0a58a9feac02
3797a792-c9af-11ef-bc79-0a58a9feac02,5844ca6e-acb9-11ef-a448-0a58a9feac02
38effe1c-63d6-11ef-9ca2-0a58a9feac02,38ed9820-63d6-11ef-9ca2-0a58a9feac02
39570f92-c68e-11ef-bc79-0a58a9feac02,3954f25c-c68e-11ef-bc79-0a58a9feac02
39ffb2fe-c3a1-11ef-8d37-0a58a9feac02,841c51e6-ab85-11ef-ab9b-0a58a9feac02
3a189c54-c461-11ef-bc79-0a58a9feac02,3a15d0be-c461-11ef-bc79-0a58a9feac02
3a3bd4b8-d04f-11ef-bc79-0a58a9feac02,3a39927a-d04f-11ef-bc79-0a58a9feac02
3ab9457e-eaa9-11ee-90c2-0a58a9feac02,3ab5fc8e-eaa9-11ee-90c2-0a58a9feac02
3ada404a-cc43-11ef-b1c7-0a58a9feac02,3ad7923c-cc43-11ef-b1c7-0a58a9feac02
3b511cc6-c6a6-11ef-bc79-0a58a9feac02,87e3928e-c689-11ef-8d37-0a58a9feac02
3bb83010-856e-11ef-a50c-0a58a9feac02,3bb46282-856e-11ef-a50c-0a58a9feac02
3c446b20-b606-11ef-bc79-0a58a9feac02,3c41ebb6-b606-11ef-bc79-0a58a9feac02
3cb5d628-ad4d-11ef-a448-0a58a9feac02,61661f06-ad4c-11ef-a448-0a58a9feac02
3cfa9fc2-a773-11ef-ab9b-0a58a9feac02,3cf87b20-a773-11ef-ab9b-0a58a9feac02
3d66947a-cdac-11ef-8d37-0a58a9feac02,3d61f0be-cdac-11ef-8d37-0a58a9feac02
3d67c27e-bc80-11ef-b1c7-0a58a9feac02,3d64648a-bc80-11ef-b1c7-0a58a9feac02
3d8f0962-8cb3-11ef-aca5-0a58a9feac02,3d8cce04-8cb3-11ef-aca5-0a58a9feac02
3dfb8354-ad5f-11ef-b233-0a58a9feac02,75776e0c-ad4a-11ef-a448-0a58a9feac02
3eb71064-f8c5-11ee-a614-0a58a9feac02,3eb4d51a-f8c5-11ee-a614-0a58a9feac02
3ec87dfa-c691-11ef-8d37-0a58a9feac02,3ec640d0-c691-11ef-8d37-0a58a9feac02
3edc48a4-cee7-11ef-bc79-0a58a9feac02,1bb4e6b2-ce81-11ef-b1c7-0a58a9feac02
3edc7c7e-cd2b-11ef-bc79-0a58a9feac02,3eda35b8-cd2b-11ef-bc79-0a58a9feac02
3f4903d8-c9bd-11ef-8d37-0a58a9feac02,b44ed4d4-c8f8-11ef-8d37-0a58a9feac02
41e56e08-ad5f-11ef-90f2-0a58a9feac02,41e2ab78-ad5f-11ef-90f2-0a58a9feac02
43ceb6d0-cf69-11ef-b3f5-0a58a9feac02,3c630a78-cf5e-11ef-b3f5-0a58a9feac02
4534949a-b948-11ef-b1c7-0a58a9feac02,4531e01a-b948-11ef-b1c7-0a58a9feac02
45561214-ad68-11ef-b233-0a58a9feac02,45533c06-ad68-11ef-b233-0a58a9feac02
46303498-c6e1-11ef-b1c7-0a58a9feac02,462e1a46-c6e1-11ef-b1c7-0a58a9feac02
4722a1d2-c9ad-11ef-b1c7-0a58a9feac02,4a0d4bd6-ab85-11ef-ab9b-0a58a9feac02
47da3524-d04f-11ef-b3f5-0a58a9feac02,47d7ece2-d04f-11ef-b3f5-0a58a9feac02
47e6a7dc-8edc-11ef-b4de-0a58a9feac02,47e451c6-8edc-11ef-b4de-0a58a9feac02
4840338c-c786-11ef-b1c7-0a58a9feac02,483e1160-c786-11ef-b1c7-0a58a9feac02
49244454-b1bb-11ef-ab9b-0a58a9feac02,49221b16-b1bb-11ef-ab9b-0a58a9feac02
49e76b88-ce98-11ef-b1c7-0a58a9feac02,ca9fb064-cd17-11ef-b3f5-0a58a9feac02
4a069298-cf55-11ef-b3f5-0a58a9feac02,b720f396-cd2a-11ef-8d37-0a58a9feac02
4af8d558-c6ae-11ef-8d37-0a58a9feac02,28d09684-beaf-11ef-bc79-0a58a9feac02
4c0bd4ce-cebd-11ef-bc79-0a58a9feac02,4c08d3a0-cebd-11ef-bc79-0a58a9feac02
4c503d8a-be28-11ef-add0-0a58a9feac02,54ce287e-be27-11ef-8d37-0a58a9feac02
4cb443ea-c786-11ef-b1c7-0a58a9feac02,483e1160-c786-11ef-b1c7-0a58a9feac02
4cd7123e-b1bb-11ef-845d-0a58a9feac02,4cd513c6-b1bb-11ef-845d-0a58a9feac02
4da38910-d04f-11ef-bc79-0a58a9feac02,4da160a4-d04f-11ef-bc79-0a58a9feac02
4dbff50a-c8ed-11ef-b3f5-0a58a9feac02,4dbce9aa-c8ed-11ef-b3f5-0a58a9feac02
4e2fd54c-f66a-11ee-bdfc-0a58a9feac02,4e2d0646-f66a-11ee-bdfc-0a58a9feac02
4e5f4f5e-c6ab-11ef-b3f5-0a58a9feac02,689300ca-c11d-11ef-add0-0a58a9feac02
4e79a0b8-8edc-11ef-b0c7-0a58a9feac02,4e77108c-8edc-11ef-b0c7-0a58a9feac02
4f35ec4e-9393-11ef-984a-0a58a9feac02,4f33845e-9393-11ef-984a-0a58a9feac02
4f42c7b2-cd08-11ef-b3f5-0a58a9feac02,72870642-b0ad-11ef-b233-0a58a9feac02
4f770bbe-c162-11ef-8d37-0a58a9feac02,9e5819e8-7424-11ef-8057-0a58a9feac02
5104ae20-b1bb-11ef-ab9b-0a58a9feac02,51025b02-b1bb-11ef-ab9b-0a58a9feac02
51136b88-c6ae-11ef-b3f5-0a58a9feac02,1f607f22-beb1-11ef-b1c7-0a58a9feac02
513f2a86-cf3f-11ef-b3f5-0a58a9feac02,513c98f2-cf3f-11ef-b3f5-0a58a9feac02
5187baba-cf55-11ef-b3f5-0a58a9feac02,4563ca3c-cebd-11ef-b3f5-0a58a9feac02
523c651c-c9b7-11ef-bc79-0a58a9feac02,864beea6-abc9-11ef-a448-0a58a9feac02
52ecacee-bea2-11ef-8d37-0a58a9feac02,52ea81bc-bea2-11ef-8d37-0a58a9feac02
5316c69a-ab89-11ef-a448-0a58a9feac02,531458e2-ab89-11ef-a448-0a58a9feac02
536a374c-c47c-11ef-add0-0a58a9feac02,85efcf5e-c208-11ef-b3f5-0a58a9feac02
54336594-c810-11ef-bc79-0a58a9feac02,542cc8ce-c810-11ef-bc79-0a58a9feac02
5449e2c6-aef5-11ef-90f2-0a58a9feac02,54464a6c-aef5-11ef-90f2-0a58a9feac02
54b6721a-b1bb-11ef-845d-0a58a9feac02,54b42064-b1bb-11ef-845d-0a58a9feac02
54fe9046-63d6-11ef-ac31-0a58a9feac02,54fc2ebe-63d6-11ef-ac31-0a58a9feac02
55a385e8-c5ba-11ee-81db-0a58a9feac02,f7405174-bf70-11ee-98b4-0a58a9feac02
55b09112-c8f6-11ef-b1c7-0a58a9feac02,c861a82e-b896-11ef-b1c7-0a58a9feac02
564a682a-9393-11ef-b0c7-0a58a9feac02,56486d2c-9393-11ef-b0c7-0a58a9feac02
56ee9de8-d04f-11ef-b3f5-0a58a9feac02,56ecabd2-d04f-11ef-b3f5-0a58a9feac02
5750bffa-c6ae-11ef-8d37-0a58a9feac02,2877e2b2-beb1-11ef-b1c7-0a58a9feac02
5939bd2e-b1bb-11ef-ab9b-0a58a9feac02,5937c8fc-b1bb-11ef-ab9b-0a58a9feac02
599c46dc-cdc3-11ef-b3f5-0a58a9feac02,3bc3e55c-c067-11ef-add0-0a58a9feac02
59f85afa-ce93-11ef-b3f5-0a58a9feac02,59f40338-ce93-11ef-b3f5-0a58a9feac02
5cd82a34-c8f8-11ef-b1c7-0a58a9feac02,159f6644-c62a-11ef-b3f5-0a58a9feac02
5d287eb8-c6ae-11ef-bc79-0a58a9feac02,2392e706-beb1-11ef-8d37-0a58a9feac02
5d2decf2-b1bb-11ef-845d-0a58a9feac02,5d2a9c78-b1bb-11ef-845d-0a58a9feac02
5d80fd02-9393-11ef-984a-0a58a9feac02,5d7e7942-9393-11ef-984a-0a58a9feac02
5e72e8a4-cc1b-11ef-bc79-0a58a9feac02,5e705648-cc1b-11ef-bc79-0a58a9feac02
5f71da00-abc6-11ef-b233-0a58a9feac02,5f6fd7f0-abc6-11ef-b233-0a58a9feac02
60f13a72-6924-11ef-abce-0a58a9feac02,60ee84bc-6924-11ef-abce-0a58a9feac02
612bd790-ad4e-11ef-90f2-0a58a9feac02,62cbfd54-ad4a-11ef-845d-0a58a9feac02
6154363c-cdc3-11ef-b3f5-0a58a9feac02,338f2988-bd73-11ef-bc79-0a58a9feac02
6190e7ea-b1bb-11ef-ab9b-0a58a9feac02,618ef2a0-b1bb-11ef-ab9b-0a58a9feac02
62c46f26-c6ae-11ef-8d37-0a58a9feac02,2cf8c2a2-beb1-11ef-bc79-0a58a9feac02
63401b3c-a5af-11ef-b233-0a58a9feac02,633df532-a5af-11ef-b233-0a58a9feac02
639d72de-b2af-11ef-a448-0a58a9feac02,809b0cf0-b2ac-11ef-90f2-0a58a9feac02
640d763a-c455-11ef-bc79-0a58a9feac02,d7c0f2da-c3bc-11ef-8d37-0a58a9feac02
66581be8-ad4e-11ef-b233-0a58a9feac02,668eaa0e-ad4a-11ef-a448-0a58a9feac02
66be1e5e-bd46-11ef-8d37-0a58a9feac02,66bb1358-bd46-11ef-8d37-0a58a9feac02
673cd99a-6924-11ef-ac31-0a58a9feac02,673a892e-6924-11ef-ac31-0a58a9feac02
67b0f1d4-c47a-11ef-8d37-0a58a9feac02,c8019d26-ad74-11ef-845d-0a58a9feac02
684ba1a6-b256-11ef-ab9b-0a58a9feac02,6848dfc0-b256-11ef-ab9b-0a58a9feac02
6969ea04-b0ba-11ef-90f2-0a58a9feac02,6967758a-b0ba-11ef-90f2-0a58a9feac02
69b62dc4-b0ba-11ef-90f2-0a58a9feac02,6967758a-b0ba-11ef-90f2-0a58a9feac02
69c1ed14-a5af-11ef-90f2-0a58a9feac02,69bf8420-a5af-11ef-90f2-0a58a9feac02
69f47328-580d-11ef-a8d9-0a58a9feac02,69f1e202-580d-11ef-a8d9-0a58a9feac02
6ab935c6-bd59-11ef-add0-0a58a9feac02,842e81d6-bd4b-11ef-8d37-0a58a9feac02
6af27e74-be28-11ef-8d37-0a58a9feac02,6af04fbe-be28-11ef-8d37-0a58a9feac02
6b2133e8-cc12-11ef-bc79-0a58a9feac02,ccf93c84-c9e5-11ef-bc79-0a58a9feac02
6b73717e-cc19-11ef-8d37-0a58a9feac02,8e02f05e-c753-11ef-bc79-0a58a9feac02
6b7ca724-ad4e-11ef-90f2-0a58a9feac02,7ec0b98c-ad4a-11ef-a448-0a58a9feac02
6d8881b4-be3d-11ef-8d37-0a58a9feac02,935a294a-92fc-11ef-984a-0a58a9feac02
6ecc29ca-cd08-11ef-8d37-0a58a9feac02,cae78e0a-abc7-11ef-a448-0a58a9feac02
6f24aa74-d04f-11ef-b1c7-0a58a9feac02,6f225dc8-d04f-11ef-b1c7-0a58a9feac02
6fd2fc4c-c8f6-11ef-8d37-0a58a9feac02,a2ee27f0-b9b0-11ef-8d37-0a58a9feac02
70a0bf3c-cef1-11ef-b3f5-0a58a9feac02,708969c2-cef1-11ef-b3f5-0a58a9feac02
70aa7302-ad4e-11ef-b233-0a58a9feac02,6aa40eea-ad4a-11ef-845d-0a58a9feac02
7410e020-cf55-11ef-b3f5-0a58a9feac02,e5831f30-cb67-11ef-b1c7-0a58a9feac02
754fe888-7004-11ef-bc51-0a58a9feac02,754d808e-7004-11ef-bc51-0a58a9feac02
759f1de0-ad4e-11ef-90f2-0a58a9feac02,6e6075d2-ad4a-11ef-a448-0a58a9feac02
779fb37c-cfbb-11ef-b1c7-0a58a9feac02,f5e93476-cfb9-11ef-b3f5-0a58a9feac02
787d72b0-f4d9-11ee-bdfc-0a58a9feac02,8032ae26-f27c-11ee-a614-0a58a9feac02
78bf1b0c-cebd-11ef-b3f5-0a58a9feac02,f9df12ae-cb67-11ef-b1c7-0a58a9feac02
7a48f95c-6f6d-11ef-8057-0a58a9feac02,7a46c16e-6f6d-11ef-8057-0a58a9feac02
7ac5e1be-ad4e-11ef-b233-0a58a9feac02,71ec8948-ad4a-11ef-845d-0a58a9feac02
7c8c1614-aef5-11ef-a448-0a58a9feac02,39b57bb0-aef4-11ef-a448-0a58a9feac02
7d48765e-c6c1-11ef-b1c7-0a58a9feac02,b9f6dcea-c6c0-11ef-bc79-0a58a9feac02
7d6a0ca6-c6c1-11ef-b1c7-0a58a9feac02,b9f6dcea-c6c0-11ef-bc79-0a58a9feac02
7e49337e-b440-11ef-90f2-0a58a9feac02,7e39162e-b440-11ef-90f2-0a58a9feac02
7e694228-c47a-11ef-8d37-0a58a9feac02,960a4c0c-ad77-11ef-845d-0a58a9feac02
7ecc7e94-cd1a-11ef-8d37-0a58a9feac02,7eca5d26-cd1a-11ef-8d37-0a58a9feac02
7edb5af2-cf3d-11ef-b1c7-0a58a9feac02,7ed7a95c-cf3d-11ef-b1c7-0a58a9feac02
7f1f9904-cdd2-11ef-b3f5-0a58a9feac02,0c7bbc32-cdb6-11ef-bc79-0a58a9feac02
800e1a56-76b2-11ef-81fe-0a58a9feac02,800c36f0-76b2-11ef-81fe-0a58a9feac02
81ed08b2-bc78-11ef-8d37-0a58a9feac02,171221b8-a197-11ef-a448-0a58a9feac02
83286926-95f7-11ef-984a-0a58a9feac02,7552dc74-952e-11ef-aca5-0a58a9feac02
83d75912-c93d-11ef-b3f5-0a58a9feac02,83d3fdee-c93d-11ef-b3f5-0a58a9feac02
858ca144-596d-11ef-a594-0a58a9feac02,8588f828-596d-11ef-a594-0a58a9feac02
864ef478-02fc-11ef-bdfc-0a58a9feac02,864cecdc-02fc-11ef-bdfc-0a58a9feac02
86c0b0f2-76b2-11ef-8057-0a58a9feac02,86be5168-76b2-11ef-8057-0a58a9feac02
873c23b2-ce2e-11ef-bc79-0a58a9feac02,c5fc6cba-cdd9-11ef-b3f5-0a58a9feac02
88007f0e-cd08-11ef-8d37-0a58a9feac02,26feb5a0-ab88-11ef-ab9b-0a58a9feac02
89513f66-cdb1-11ef-bc79-0a58a9feac02,894e7b3c-cdb1-11ef-bc79-0a58a9feac02
8964cd06-cdb1-11ef-bc79-0a58a9feac02,894e7b3c-cdb1-11ef-bc79-0a58a9feac02
897bcad8-c906-11ef-b1c7-0a58a9feac02,14835f1e-aca2-11ef-90f2-0a58a9feac02
8a099a20-c690-11ef-bc79-0a58a9feac02,8a079978-c690-11ef-bc79-0a58a9feac02
8a1f06c4-c6ab-11ef-8d37-0a58a9feac02,14919ec0-c11b-11ef-b3f5-0a58a9feac02
8b368e16-bd59-11ef-8d37-0a58a9feac02,8f958b80-bd4d-11ef-bc79-0a58a9feac02
8cfbbd54-76b2-11ef-81fe-0a58a9feac02,8cf73ef0-76b2-11ef-81fe-0a58a9feac02
8d285790-c6b4-11ef-bc79-0a58a9feac02,faa9ef54-c204-11ef-add0-0a58a9feac02
8d7c591a-cc1a-11ef-bc79-0a58a9feac02,28168fc0-c9b1-11ef-bc79-0a58a9feac02
8e1de1ba-e84d-11ee-90c2-0a58a9feac02,8e1b0e72-e84d-11ee-90c2-0a58a9feac02
8e599a72-b609-11ef-8d37-0a58a9feac02,598259b0-b154-11ef-ab9b-0a58a9feac02
8ef5285a-c786-11ef-8d37-0a58a9feac02,7378e120-c786-11ef-b1c7-0a58a9feac02
9113108a-cf55-11ef-bc79-0a58a9feac02,910deb28-cf55-11ef-bc79-0a58a9feac02
9313bdec-b216-11ee-9a31-0a58a9feac02,93132882-b216-11ee-9a31-0a58a9feac02
939b8074-b216-11ee-be45-0a58a9feac02,939ae59c-b216-11ee-be45-0a58a9feac02
955e4884-607f-11ef-abce-0a58a9feac02,9ad8ed3a-5f8c-11ef-8255-0a58a9feac02
95b097a8-6631-11ef-9ca2-0a58a9feac02,95ae74dc-6631-11ef-9ca2-0a58a9feac02
96e1a06e-cd0a-11ef-b1c7-0a58a9feac02,8680147a-c919-11ef-b3f5-0a58a9feac02
970d5f2c-d04f-11ef-b1c7-0a58a9feac02,970b6e9c-d04f-11ef-b1c7-0a58a9feac02
97381132-b703-11ef-b3f5-0a58a9feac02,9735ccc4-b703-11ef-b3f5-0a58a9feac02
97e06e5a-c3a0-11ef-bc79-0a58a9feac02,324f70e6-ab85-11ef-b233-0a58a9feac02
9837e9d4-c47a-11ef-add0-0a58a9feac02,b4ffb37e-ad84-11ef-845d-0a58a9feac02
9a5f0736-bd51-11ef-add0-0a58a9feac02,9a591b82-bd51-11ef-add0-0a58a9feac02
9b483ad0-d01d-11ef-b1c7-0a58a9feac02,636dd1d0-b72a-11ef-8d37-0a58a9feac02
9bbb6b9a-cc71-11ef-b3f5-0a58a9feac02,9bb5acd2-cc71-11ef-b3f5-0a58a9feac02
9dcb3f24-c68a-11ef-bc79-0a58a9feac02,9dc8e422-c68a-11ef-bc79-0a58a9feac02
9f5989a0-071c-11ef-8953-0a58a9feac02,be611af8-0621-11ef-9935-0a58a9feac02
a054825a-6631-11ef-903f-0a58a9feac02,a051a85a-6631-11ef-903f-0a58a9feac02
a0d8bb02-aefb-11ef-90f2-0a58a9feac02,a0d56d62-aefb-11ef-90f2-0a58a9feac02
a12dd3c4-b32b-11ef-90f2-0a58a9feac02,4527c4e8-b1bb-11ef-845d-0a58a9feac02
a1542580-2bd9-11ef-a1ec-0a58a9feac02,a152116e-2bd9-11ef-a1ec-0a58a9feac02
a2927634-cc1c-11ef-bc79-0a58a9feac02,a28fca9c-cc1c-11ef-bc79-0a58a9feac02
a294f282-eba4-11ee-9c40-0a58a9feac02,4c106536-eb72-11ee-bf3b-0a58a9feac02
a2bf7884-cd0a-11ef-bc79-0a58a9feac02,61721ab8-c917-11ef-8d37-0a58a9feac02
a3cf56bc-fd7c-11ee-bcf2-0a58a9feac02,a3cb2b78-fd7c-11ee-bcf2-0a58a9feac02
a43c1b0c-cf55-11ef-8d37-0a58a9feac02,a4390138-cf55-11ef-8d37-0a58a9feac02
a446dc4e-cd08-11ef-8d37-0a58a9feac02,3d7217d2-ab88-11ef-a448-0a58a9feac02
a5553348-d04f-11ef-b1c7-0a58a9feac02,a5531ec8-d04f-11ef-b1c7-0a58a9feac02
a558e236-c690-11ef-bc79-0a58a9feac02,f0339e64-c68f-11ef-8d37-0a58a9feac02
a6392c36-ce94-11ef-bc79-0a58a9feac02,312be0cc-bfe0-11ef-bc79-0a58a9feac02
a640d728-cdaa-11ef-b3f5-0a58a9feac02,a63c4122-cdaa-11ef-b3f5-0a58a9feac02
a68932ec-c789-11ef-b3f5-0a58a9feac02,a68634ac-c789-11ef-b3f5-0a58a9feac02
a837cb16-ce97-11ef-b1c7-0a58a9feac02,a83567f4-ce97-11ef-b1c7-0a58a9feac02
a89bd646-5d5a-11ef-b754-0a58a9feac02,01952b90-5c92-11ef-9d67-0a58a9feac02
a8a96ab0-cc1b-11ef-8d37-0a58a9feac02,7680af7e-c8f3-11ef-b3f5-0a58a9feac02
aa926cb0-be1e-11ef-add0-0a58a9feac02,f5742496-be12-11ef-b1c7-0a58a9feac02
ac4b9144-cc1a-11ef-bc79-0a58a9feac02,ac488364-cc1a-11ef-bc79-0a58a9feac02
ac7e8df2-e916-11ee-825f-0a58a9feac02,53296cec-e784-11ee-aab6-0a58a9feac02
acd344a2-cfeb-11ef-8d37-0a58a9feac02,acd00882-cfeb-11ef-8d37-0a58a9feac02
ae4bfd88-d01d-11ef-b3f5-0a58a9feac02,ae49f3bc-d01d-11ef-b3f5-0a58a9feac02
af7be34e-cc30-11ef-bc79-0a58a9feac02,2c11deb0-c90a-11ef-8d37-0a58a9feac02
af92efee-bbe1-11ef-bc79-0a58a9feac02,92d0dba2-a320-11ef-90f2-0a58a9feac02
afd083ba-cda0-11ef-bc79-0a58a9feac02,9d5e2286-c6bc-11ef-8d37-0a58a9feac02
b08b462e-c9ad-11ef-bc79-0a58a9feac02,c1792b90-c917-11ef-8d37-0a58a9feac02
b08d49f2-b93f-11ef-b1c7-0a58a9feac02,b08b390a-b93f-11ef-b1c7-0a58a9feac02
b1dea4c2-c9ac-11ef-8d37-0a58a9feac02,0b03f57e-ab86-11ef-a448-0a58a9feac02
b290d84a-cdc1-11ef-bc79-0a58a9feac02,b28e3a36-cdc1-11ef-bc79-0a58a9feac02
b2935638-cd08-11ef-bc79-0a58a9feac02,7ac1a788-ab88-11ef-ab9b-0a58a9feac02
b2b56080-d04f-11ef-b1c7-0a58a9feac02,89381202-cfeb-11ef-b3f5-0a58a9feac02
b3995522-e916-11ee-bf3b-0a58a9feac02,b3942dea-e916-11ee-bf3b-0a58a9feac02
b3fc9638-c47a-11ef-8d37-0a58a9feac02,cd258c34-bbbd-11ef-bc79-0a58a9feac02
b47fdf24-ccdc-11ef-8d37-0a58a9feac02,08b34042-ca42-11ef-bc79-0a58a9feac02
b4b9ad14-d01d-11ef-8d37-0a58a9feac02,b4b7639c-d01d-11ef-8d37-0a58a9feac02
b518fc54-7a8e-11ef-a193-0a58a9feac02,097338aa-749f-11ef-8057-0a58a9feac02
b52fa1ec-cdaa-11ef-8d37-0a58a9feac02,89d6c1da-c461-11ef-bc79-0a58a9feac02
b6a1e3c6-cc30-11ef-bc79-0a58a9feac02,b59c8b3a-cb67-11ef-b3f5-0a58a9feac02
b77a3270-be21-11ef-add0-0a58a9feac02,b7759ac6-be21-11ef-add0-0a58a9feac02
b81e0afa-297d-11ef-8633-0a58a9feac02,b81c2bc2-297d-11ef-8633-0a58a9feac02
b8756ef8-cc16-11ef-8d37-0a58a9feac02,3ea7363e-c74c-11ef-b3f5-0a58a9feac02
b8d64002-bd57-11ef-8d37-0a58a9feac02,b8d27c10-bd57-11ef-8d37-0a58a9feac02
b928be8e-cdc1-11ef-8d37-0a58a9feac02,b92652b6-cdc1-11ef-8d37-0a58a9feac02
b9ce5ca8-ce21-11ef-b3f5-0a58a9feac02,59138032-ad4c-11ef-a448-0a58a9feac02
b9e92cb8-c47b-11ef-bc79-0a58a9feac02,4bd9bf1a-c117-11ef-add0-0a58a9feac02
bb250c78-cdd1-11ef-b3f5-0a58a9feac02,370a75da-cdb4-11ef-bc79-0a58a9feac02
bb9c28d6-be03-11ef-bc79-0a58a9feac02,7de1694a-b9b5-11ef-bc79-0a58a9feac02
bbd23576-d01d-11ef-8d37-0a58a9feac02,a4071a56-b88a-11ef-b3f5-0a58a9feac02
bc1e5f9a-6791-11ef-ae41-0a58a9feac02,bc1c0484-6791-11ef-ae41-0a58a9feac02
bdf356b8-eadc-11ee-90c2-0a58a9feac02,14a7caa4-eaa9-11ee-bf3b-0a58a9feac02
be1e89c6-cd0a-11ef-bc79-0a58a9feac02,f3c1b1a8-be27-11ef-8d37-0a58a9feac02
be2a3f44-cc30-11ef-b3f5-0a58a9feac02,20017d78-bea2-11ef-bc79-0a58a9feac02
be42e750-e84d-11ee-9c40-0a58a9feac02,be40710a-e84d-11ee-9c40-0a58a9feac02
beac34e6-297d-11ef-9244-0a58a9feac02,beaa3d44-297d-11ef-9244-0a58a9feac02
c057035c-9d09-11ef-90f2-0a58a9feac02,c054f30a-9d09-11ef-90f2-0a58a9feac02
c0665a12-cd08-11ef-bc79-0a58a9feac02,6ea53afa-ab88-11ef-a448-0a58a9feac02
c1c280da-cd2a-11ef-b3f5-0a58a9feac02,cfacada2-cb67-11ef-8d37-0a58a9feac02
c1c9b0be-b941-11ef-b1c7-0a58a9feac02,c1c74720-b941-11ef-b1c7-0a58a9feac02
c28827f2-be27-11ef-add0-0a58a9feac02,fd5cdaf8-b931-11ef-b1c7-0a58a9feac02
c29bf816-f345-11ee-bdfc-0a58a9feac02,c299093a-f345-11ee-bdfc-0a58a9feac02
c2ab97fc-d01d-11ef-b1c7-0a58a9feac02,69ecf914-c12f-11ef-b3f5-0a58a9feac02
c3fac872-cc43-11ef-bc79-0a58a9feac02,c3f88ba2-cc43-11ef-bc79-0a58a9feac02
c45e79ba-daf1-11ee-a039-0a58a9feac02,c45c582e-daf1-11ee-a039-0a58a9feac02
c4a21658-cfbe-11ef-b1c7-0a58a9feac02,0296789e-c648-11ef-b3f5-0a58a9feac02
c50d804e-0653-11ef-8953-0a58a9feac02,c50b288a-0653-11ef-8953-0a58a9feac02
c515a4f6-cea1-11ef-bc79-0a58a9feac02,c51359b2-cea1-11ef-bc79-0a58a9feac02
c54b9a02-c8de-11ef-b3f5-0a58a9feac02,c547e8b2-c8de-11ef-b3f5-0a58a9feac02
c7a215ae-b936-11ef-add0-0a58a9feac02,c79f4022-b936-11ef-add0-0a58a9feac02
c8177a70-e84d-11ee-9c40-0a58a9feac02,934bda9a-e6ed-11ee-abb7-0a58a9feac02
c86998aa-cf3d-11ef-b3f5-0a58a9feac02,8d9c6b78-cf3b-11ef-8d37-0a58a9feac02
c8bbe89c-cd0a-11ef-8d37-0a58a9feac02,739e93b2-b312-11ef-a448-0a58a9feac02
cabdf0d8-b985-11ef-8d37-0a58a9feac02,9722915c-b953-11ef-b1c7-0a58a9feac02
cb2311fe-cf2c-11ef-8d37-0a58a9feac02,5bfa6086-ce94-11ef-bc79-0a58a9feac02
cbb73ad6-c9b0-11ef-bc79-0a58a9feac02,571854f6-acac-11ef-90f2-0a58a9feac02
cd9046a4-cfeb-11ef-b3f5-0a58a9feac02,cd8d28fc-cfeb-11ef-b3f5-0a58a9feac02
ce37cfca-be1e-11ef-8d37-0a58a9feac02,2718b82c-be18-11ef-8d37-0a58a9feac02
ceb1c612-cc2f-11ef-8d37-0a58a9feac02,44d6bba2-c066-11ef-add0-0a58a9feac02
cec240b0-6568-11ef-ac31-0a58a9feac02,cec01eac-6568-11ef-ac31-0a58a9feac02
cf0805a6-cd18-11ef-bc79-0a58a9feac02,e7ff0528-cd13-11ef-8d37-0a58a9feac02
cfbf771a-cf5a-11ef-b3f5-0a58a9feac02,94c4c752-cf3f-11ef-b1c7-0a58a9feac02
d06dd3b0-e625-11ee-aab6-0a58a9feac02,d06c108e-e625-11ee-aab6-0a58a9feac02
d0fc6534-d04f-11ef-b3f5-0a58a9feac02,d0fa4e70-d04f-11ef-b3f5-0a58a9feac02
d1ea406e-cc1d-11ef-8d37-0a58a9feac02,d1e809f2-cc1d-11ef-8d37-0a58a9feac02
d247d192-c9ad-11ef-b1c7-0a58a9feac02,25ea2242-ab85-11ef-a448-0a58a9feac02
d268d41a-cd08-11ef-bc79-0a58a9feac02,ab16a090-ab89-11ef-a448-0a58a9feac02
d279dd8c-7f24-11ef-b8e5-0a58a9feac02,d2778d70-7f24-11ef-b8e5-0a58a9feac02
d2cf4314-cf59-11ef-8d37-0a58a9feac02,d2cc92b8-cf59-11ef-8d37-0a58a9feac02
d35a598c-8a57-11ef-aca5-0a58a9feac02,d3582324-8a57-11ef-aca5-0a58a9feac02
d363c83e-c47a-11ef-8d37-0a58a9feac02,42257950-b253-11ef-ab9b-0a58a9feac02
d3bd87e4-cc1c-11ef-bc79-0a58a9feac02,d3ba27ac-cc1c-11ef-bc79-0a58a9feac02
d416c7aa-cc62-11ef-bc79-0a58a9feac02,e8517db0-7680-11ef-8057-0a58a9feac02
d44ff102-c1d0-11ef-add0-0a58a9feac02,0fbd65a2-bd45-11ef-bc79-0a58a9feac02
d4c1bc0c-6568-11ef-9ca2-0a58a9feac02,d4bfa3ea-6568-11ef-9ca2-0a58a9feac02
d5de01d8-ab89-11ef-a448-0a58a9feac02,9c88c680-ab88-11ef-ab9b-0a58a9feac02
d643692a-cb0f-11ee-a48b-0a58a9feac02,d63802ec-cb0f-11ee-a48b-0a58a9feac02
d7ffcb3a-ad56-11ef-b233-0a58a9feac02,d7fd8f82-ad56-11ef-b233-0a58a9feac02
d85beca6-cc16-11ef-b1c7-0a58a9feac02,ecec8bf4-c74c-11ef-b3f5-0a58a9feac02
d878260a-9d09-11ef-90f2-0a58a9feac02,d8757414-9d09-11ef-90f2-0a58a9feac02
d87d4106-7f24-11ef-a193-0a58a9feac02,d87a25b6-7f24-11ef-a193-0a58a9feac02
da0c41aa-8a57-11ef-8d26-0a58a9feac02,da0a10b0-8a57-11ef-8d26-0a58a9feac02
dacdac4c-d610-11ee-b14f-0a58a9feac02,dacc02e8-d610-11ee-b14f-0a58a9feac02
dae887a2-c691-11ef-8d37-0a58a9feac02,dae66c56-c691-11ef-8d37-0a58a9feac02
dc06dc28-ad56-11ef-845d-0a58a9feac02,dc046394-ad56-11ef-845d-0a58a9feac02
dcc6368e-9d09-11ef-b233-0a58a9feac02,dcc4265a-9d09-11ef-b233-0a58a9feac02
ddd1617e-d04f-11ef-bc79-0a58a9feac02,ddcf3ff2-d04f-11ef-bc79-0a58a9feac02
ddf24940-c47c-11ef-add0-0a58a9feac02,f990b580-c47a-11ef-add0-0a58a9feac02
de8b9728-7f24-11ef-a193-0a58a9feac02,de88ce26-7f24-11ef-a193-0a58a9feac02
de9da150-e9df-11ee-90c2-0a58a9feac02,de99ef42-e9df-11ee-90c2-0a58a9feac02
e0812420-ad56-11ef-b233-0a58a9feac02,e07e8378-ad56-11ef-b233-0a58a9feac02
e159252c-50c8-11ef-a594-0a58a9feac02,0ac8f884-5000-11ef-b8a3-0a58a9feac02
e1bb60e2-bd48-11ef-bc79-0a58a9feac02,e1b849a2-bd48-11ef-bc79-0a58a9feac02
e4bd1388-eadc-11ee-bf3b-0a58a9feac02,e4baae72-eadc-11ee-bf3b-0a58a9feac02
e4efd12a-b2e5-11ef-ab9b-0a58a9feac02,d371b884-b2ac-11ef-90f2-0a58a9feac02
e5a5f516-ad56-11ef-845d-0a58a9feac02,e5a3f96e-ad56-11ef-845d-0a58a9feac02
e60a8238-032e-11ef-bdfc-0a58a9feac02,e6081480-032e-11ef-bdfc-0a58a9feac02
e7e57fda-b93c-11ef-b1c7-0a58a9feac02,e7e2e392-b93c-11ef-b1c7-0a58a9feac02
e84ff84a-019c-11ef-a614-0a58a9feac02,e84a1ccc-019c-11ef-a614-0a58a9feac02
ea355694-ad56-11ef-b233-0a58a9feac02,ea33272a-ad56-11ef-b233-0a58a9feac02
ea57b716-ad7e-11ef-a448-0a58a9feac02,ea55161e-ad7e-11ef-a448-0a58a9feac02
eb4b6b9e-ceea-11ef-bc79-0a58a9feac02,eb24532e-cd55-11ef-8d37-0a58a9feac02
eca15eb4-c68d-11ef-b1c7-0a58a9feac02,b4c60a22-b705-11ef-8d37-0a58a9feac02
eea771bc-ad56-11ef-845d-0a58a9feac02,eea57eb6-ad56-11ef-845d-0a58a9feac02
ef56da3e-be1e-11ef-add0-0a58a9feac02,cb616724-be1a-11ef-b1c7-0a58a9feac02
f2f88884-c9b5-11ef-b3f5-0a58a9feac02,6d1c717c-abe6-11ef-90f2-0a58a9feac02
f3fb2b7c-ad56-11ef-845d-0a58a9feac02,f3f91daa-ad56-11ef-845d-0a58a9feac02
f5a45d6c-57da-11ef-a303-0a58a9feac02,c6884404-5743-11ef-a594-0a58a9feac02
f6117f64-ed36-11ee-a383-0a58a9feac02,f60f1864-ed36-11ee-a383-0a58a9feac02
f7ac65e6-e9df-11ee-825f-0a58a9feac02,f7a91990-e9df-11ee-825f-0a58a9feac02
f7c203a2-e948-11ee-90c2-0a58a9feac02,f7be77fa-e948-11ee-90c2-0a58a9feac02
f939e500-bd5b-11ef-bc79-0a58a9feac02,f9376bf4-bd5b-11ef-bc79-0a58a9feac02
fa1ae5b6-5355-11ef-a303-0a58a9feac02,fa18b494-5355-11ef-a303-0a58a9feac02
fb20855e-c9ae-11ef-bc79-0a58a9feac02,7170c772-abc9-11ef-ab9b-0a58a9feac02
fbf19e24-ce80-11ef-b1c7-0a58a9feac02,47362efa-b0f8-11ef-90f2-0a58a9feac02
fc7a163c-c9b7-11ef-8d37-0a58a9feac02,77047b3e-ab83-11ef-a448-0a58a9feac02
fcdd5cbe-aef1-11ef-90f2-0a58a9feac02,fcda61bc-aef1-11ef-90f2-0a58a9feac02
fd7f3552-cd0a-11ef-8d37-0a58a9feac02,4db3d34e-c210-11ef-b3f5-0a58a9feac02
fe4024e0-c9b0-11ef-b3f5-0a58a9feac02,f960fb24-ab84-11ef-ab9b-0a58a9feac02
fec08d8e-cc16-11ef-bc79-0a58a9feac02,e90c0a42-c90d-11ef-b3f5-0a58a9feac02
