005f21f9-185e-4476-b2de-44867f2eb5ce,51213f4f-a33b-4816-90d2-ca3c62f5de1d
00f0b802-0fcb-4acd-8430-7bb3085b8029,00e17c3c-5fd2-437e-ad05-097fa65cdcb4
0159815c-d825-11f0-ac5b-0a58a9feac02,01591db6-d825-11f0-ac5b-0a58a9feac02
019392f8-d2eb-4fe7-a0e8-4f1b52dd2e7a,98a5d072-e9a1-4c28-9213-683866a3bb7b
020aa2ee-8e95-4581-a23d-6768145a5bef,0ec09455-14da-41f3-9d2e-8aba7713e168
02789bf9-0c12-4a25-9b0c-8335e946e971,84f8b073-41f0-4d95-9478-ec0f34a64927
0285d100-2bda-4161-bb37-d29dd1be3652,3aa20698-068a-4567-8028-d0cd9360bbac
02aa0fc9-04a7-4cc2-ad84-f882f161a5d5,8036e3ca-4c5e-4120-b601-4145149b9e3a
02cd3867-0fd9-4697-bab3-105b7acc7dc1,b2a65f96-5dfb-4b40-b88c-f83e2999f93e
038e5df0-cc11-40e3-b4bf-76ca01099fc5,1502f36c-67ed-4572-93f5-fd35adaafcda
03c584f4-a903-4a5b-a44b-9cf51e9d08cb,ff7fd024-ae30-4c42-bfa4-272bb0e7062b
03dcb511-278e-466c-95d8-488ab4d1c9b2,bd58ad6b-65ac-440c-a1ba-b50c773d5543
0515bf32-bffb-11f0-839f-0a58a9feac02,051565e6-bffb-11f0-839f-0a58a9feac02
055623e8-1a59-11f1-952b-0a58a9feac02,0555bdea-1a59-11f1-952b-0a58a9feac02
058eeb1f-5466-4abf-8444-5a2c2b975084,ddbd4ffc-13ce-4f52-a136-826a599607b5
05b6509d-63e2-4b8a-a4a9-6a4cba58ba16,1ee3acb7-22f5-4dab-abe7-0dea8a42a9ee
05d8754c-4f43-430c-a13c-960bade5b8d0,eb14dc42-0497-493d-9fc0-3f51a813a68d
05e3792c-b96b-11f0-80c6-0a58a9feac02,05e30eba-b96b-11f0-80c6-0a58a9feac02
063a549b-dff2-4bed-96dc-e7bc1099cc9a,2cd2bcab-27f6-4c84-b482-2a129ad6f107
0694228b-ad57-4a86-b788-14d15a5f001d,737954cc-7597-44fc-94eb-b8b6d61aa62c
06950755-ecc3-47ea-a626-cf9adcae2d77,cdcb3713-43d2-445a-bb66-ec3b632fc91b
06a9f696-f67f-11f0-82d6-0a58a9feac02,06a99494-f67f-11f0-82d6-0a58a9feac02
0713d0fe-13fe-4fd5-9257-82b34319ad97,6399f6ee-817d-40ad-82b2-13b01587ce1c
0763e449-4983-456e-9019-7d813e3d89b2,27bdcac7-fac1-48e8-8235-155fab06dec3
07a1f9da-0e90-11f1-b9dd-0a58a9feac02,07a19864-0e90-11f1-b9dd-0a58a9feac02
07d6c913-5b2f-4a4d-b0fd-e968604bacd3,cf4ba833-8796-471c-b069-04479069f676
0813a9ba-a552-495c-81a0-9b33ab82a09e,9e955f1f-fc99-4777-a9e1-a1a4c1067ed7
0847f29f-4076-4647-9524-5c75a549b921,2318aa31-db47-43d0-9ce1-83b18e80a4f8
0889d96a-13e3-4193-ba56-3afb53b154bb,71deda89-05fb-4c45-80d7-349aa457ea72
09ae7b37-0b3e-45dc-b3cd-5cdb73115adb,ac553a60-54b5-491e-bdf3-4915f0a73352
0a301c93-99ed-451c-855e-29a40be17037,d721895e-378e-4c88-a4b9-793030aa6506
0a46d85c-a29a-11f0-abd9-0a58a9feac02,0a467ede-a29a-11f0-abd9-0a58a9feac02
0ad2e0ae-6710-4445-ae9d-05e0537109e1,240d6467-47cd-4de7-9bbf-d991901cbe89
0b10daa2-b96b-11f0-aa41-0a58a9feac02,0b107008-b96b-11f0-aa41-0a58a9feac02
0bc8bb29-d63f-48ad-8146-a89276c8f012,f7c7edab-994c-49f0-9e25-14f66cd017a4
0c558534-073e-4efb-9e19-ffcdee761ee5,5aeb68e7-1353-403f-971d-9ef2b0f89a01
0ca38262-76ad-11f0-99fa-0a58a9feac02,0ca306de-76ad-11f0-99fa-0a58a9feac02
0ca9f42e-7efc-11f0-80ae-0a58a9feac02,b5b18d08-7e79-11f0-bcb1-0a58a9feac02
0d0b9c47-6230-4fca-9a77-813a417d1fcd,3492ec46-3191-4171-aaf0-3a237cbed941
0d7ed176-8ddb-435d-b7f5-9c6f49f6fe29,2620f858-f7db-4ecd-bb48-a3a1adb58e05
0d9d22c7-ee27-46ab-b1f6-f55f68561b60,e6622774-458b-4dcc-8f0a-a1a8534a9299
0dcd9736-115a-4a72-a64d-d01fa56300f9,71be2d4b-eaff-43a9-8cc9-7a657d1b49dd
0f1f8819-d98a-49ec-a556-f40f3a3689e1,3bc2a28a-c6b3-4df9-9d94-f825b31cf1c7
0f35c9ca-d186-462c-925c-b2fb901e296c,8058330e-f649-4935-a283-dfd9d52986f6
0f8b1aba-bab3-4d49-a01d-c20882f499cd,b2daf27f-dc52-4e4b-b87c-53bef3bcd3b9
0fa5b215-2827-40f0-aff4-dd0e5600a7a3,51100df5-09e6-4ff8-8d90-8ba5ff823b4b
0fad764e-a2c6-11f0-9236-0a58a9feac02,0fad19b0-a2c6-11f0-9236-0a58a9feac02
102232f1-f825-488e-a664-07f0b3289180,ab7c96a8-3086-462b-ba5a-a3a72efb7ced
10e1a59a-6436-41b1-bba3-7c6267384ef0,69adc1c9-647f-406a-865c-4aa553856b83
114b638f-1974-4673-a154-8005959a962b,67e94fe4-5875-4e93-a34e-1faf06279e46
124c8406-73bb-11f0-bcb1-0a58a9feac02,124c1b24-73bb-11f0-bcb1-0a58a9feac02
124e0c48-b3ff-11f0-a2bf-0a58a9feac02,124daa1e-b3ff-11f0-a2bf-0a58a9feac02
125260f2-003b-4689-8734-ed5dde4195ee,54ce00fe-6041-4905-a5f1-8c0cd07ab0a5
128ce3ed-d913-4d8e-b369-7dc19a3fc69a,1f454ad5-0271-4ce4-ab8a-d552566f1c7e
14fc7891-11b3-4cb0-b944-1d0ee7157507,b473edff-3189-436f-affe-e963c218a31a
174978ba-b96b-11f0-80c6-0a58a9feac02,17490bd2-b96b-11f0-80c6-0a58a9feac02
174ddc74-40ef-4471-aafc-df8a1a4789dd,5e39c425-4047-41ca-9c31-0130e2b29fee
178de2bd-d613-4a63-af0a-200dbcdf14f5,7b450bc8-392a-49ce-84b5-04353f1d2460
183ef114-73bb-11f0-99fa-0a58a9feac02,183e7f9a-73bb-11f0-99fa-0a58a9feac02
18e712be-1a59-11f1-952b-0a58a9feac02,18e6aa7c-1a59-11f1-952b-0a58a9feac02
196664ca-b6e0-45cf-a07d-f83d542bdfd7,a3a5a8e7-987d-47e5-98d8-eabf0fa698c3
197ae386-d92c-4649-99ed-e2a07c95e7e8,8f87b053-d2f9-4964-ac50-2df0b8b87b94
199189ce-e769-11f0-ac5b-0a58a9feac02,1991056c-e769-11f0-ac5b-0a58a9feac02
1ac371ac-6f92-454c-9926-9bf3f37cefc3,1aa960a2-acd0-4d8f-a0ee-8b6c6201ff9b
1adfd3ac-0cb7-42b5-95a1-a63484814a68,99941207-09f1-43aa-8d6e-cfdacb11695d
1ae41464-d51f-437d-96ba-1fc8dd6f5ccc,087336df-5d91-40b8-ab52-5d00668bc3b1
1b5edfae-20c6-4543-b6ca-ea5f99b047ab,084b783e-860d-4dc3-86a1-9efc9bfeeafc
1b6b5fae-8a53-11f0-bc5d-0a58a9feac02,89bc47ec-7e88-11f0-94fa-0a58a9feac02
1c2bd90e-b96b-11f0-aa41-0a58a9feac02,1c2b71d0-b96b-11f0-aa41-0a58a9feac02
1d5b9870-294e-4d73-8243-156f9d8b761b,9832b953-e8bf-4fbb-9390-4fe9c3186c7b
1d96e698-00b6-11f1-ba8d-0a58a9feac02,1d969576-00b6-11f1-ba8d-0a58a9feac02
1dba02de-b30f-4f2a-9121-86846f3e7817,b12fa597-2a4e-48b3-a8f0-26be8e54d37e
207109a4-b19e-44bc-a57c-bf72b16782dd,c4e1b892-1b1f-4c65-b19f-3bdade504cab
209bc1f3-4072-4aa7-9f97-b8fcc1cefc55,1226ae4c-bf2d-4545-9826-845543ea72b6
20d4e024-c024-43f3-8da8-778ad5c8525d,1e81f1be-3196-4b84-a5fb-aed76f190e90
21aa5a34-b3ff-11f0-a2bf-0a58a9feac02,21a9fb48-b3ff-11f0-a2bf-0a58a9feac02
21d6c13c-5094-463e-badf-81549f2f38c1,54315fc0-00da-4f46-9b66-98dbf5520133
21de90b4-01fd-11f1-b66e-0a58a9feac02,21de2458-01fd-11f1-b66e-0a58a9feac02
23876a92-94b3-11f0-9236-0a58a9feac02,7e8820f4-93cc-11f0-b09f-0a58a9feac02
248cad5e-c4e0-4c1b-a847-7d5cd4e6a43b,0093ab73-2629-4e2d-a74c-501db59ee42d
249a9e14-c477-4c84-8308-2a2818fd672a,a50e61a2-bf18-48ab-baef-9445b8ce5d7e
24f7486e-5781-4695-ba26-b2f3a73a5d44,83985cae-c634-484b-af57-1a37cbf5cb5f
25457e42-884e-4864-8035-de045dc5d66e,cebbe03e-7344-45a8-93c9-44aa99358021
254e6476-06d8-41ae-8d46-5763af5fdcf1,32bdc51a-216c-4897-a5ae-ccf82755ea21
25a6a572-7c0f-4cfd-9b93-a8e72ffdd247,1cdf02ad-62f6-4ffe-a05f-92e551729fee
25d5492d-bac2-4023-b88b-3447a90e2624,d20b981c-8676-460d-936a-269c96ea03f5
26c65d42-8146-11f0-b7bb-0a58a9feac02,a6c93332-8003-11f0-9137-0a58a9feac02
2746ccfe-fed2-40c7-8cca-2debf0c910f6,0c79aaa9-c11d-4d30-96c9-d1d1d83a2f72
27597252-e3e9-11f0-b657-0a58a9feac02,275909b6-e3e9-11f0-b657-0a58a9feac02
28411586-b3ff-11f0-ad55-0a58a9feac02,2840bb54-b3ff-11f0-ad55-0a58a9feac02
29259f75-432c-40d5-8f82-a6f646c5cdc3,bb872166-d3f1-4dea-895e-a3bc278dadbd
29436fc6-6703-4dd3-8901-89aaf57f0d55,fb1a4ba7-c6ec-4f89-b96f-caacf01f91ee
2960a903-7c0c-4324-a467-a3768a902a1f,e41dee6c-575e-42e8-8f94-392d97bcfa5d
2a026a79-df8f-48f2-ba36-584fff0ab504,03cd6090-6d97-4680-907f-37fa6d6ee247
2ad88107-94e1-4a62-a090-10f193480862,eb62a758-cecb-43fb-a00f-182787b25ab6
2b201794-e63a-11f0-8c16-0a58a9feac02,2b1fadb8-e63a-11f0-8c16-0a58a9feac02
2b3b541e-358d-4d21-b238-3ce907028ea1,4848a4e8-8578-4b5b-9ab0-0f427ca31d06
2b88f077-45e7-40d7-a631-3140a338c9a6,3a6206d4-bbf9-41fb-8d2c-0f291f122e73
2b8f0cc9-69e5-412b-a9c3-58211ca1f520,582f5b82-00d2-4cc3-91d0-6bec982475d5
2c015da2-5338-42f3-8589-a7367e8f4272,46f7a747-1b8d-49d1-a011-41989c698c8f
2c522471-d532-4923-968d-6c280b98cedf,19b4194d-2aa8-46f4-828c-6e7bac3de210
2d2ece30-f303-4d0b-bfc7-adb9ad6c89e1,5a85ad78-8ef0-4bee-a2ac-151ab700cc4c
2dafc1a2-7c2d-11f0-81bd-0a58a9feac02,2daf4dbc-7c2d-11f0-81bd-0a58a9feac02
2dbcfda3-ce3b-4634-8925-75d8a171920d,1f5829b0-7133-436d-8ddf-143368a74395
2e434c30-b97a-11f0-a702-0a58a9feac02,2e42dea8-b97a-11f0-a702-0a58a9feac02
2e4bdf97-b0f9-4a01-b9c1-22353e54d8b9,864320d0-ab88-47fa-9522-b523eca6f153
2e744e68-e407-475c-808e-9e3bd99a2bce,fa6e27e8-fa32-4cf8-8b3c-4cb08d04e571
2f394146-47ae-11f0-882a-0a58a9feac02,368a646e-34a5-11f0-8b29-0a58a9feac02
3012cdee-ec3c-44a0-ad2e-08297566b259,b859383f-c708-4cc8-b159-b17f0c7c9c48
302cf104-8c16-11f0-bc5d-0a58a9feac02,302c8624-8c16-11f0-bc5d-0a58a9feac02
309df8be-a376-11f0-a3cb-0a58a9feac02,309d9374-a376-11f0-a3cb-0a58a9feac02
3110f47c-8175-11f0-b7bb-0a58a9feac02,76c05688-7f05-11f0-91ff-0a58a9feac02
31176872-1692-4d54-97d7-c3a4ce19e76f,721726b5-25d4-4022-8d49-b245976a9f69
313d61c2-f9ef-11f0-8aa5-0a58a9feac02,313d042a-f9ef-11f0-8aa5-0a58a9feac02
31bad01c-b70f-11f0-81fc-0a58a9feac02,31ba7266-b70f-11f0-81fc-0a58a9feac02
31d4acca-1f2a-407f-a27e-a2b091846511,5d00c0e2-8016-443f-848c-ad11e4f29e12
31e2f6e6-80bf-4a6e-9095-bc6e4ae0448e,4366f4e2-47ad-41d5-b0db-49e94ded3abc
31ef9ad4-c5fb-44ae-95c2-80eeaf9d77f5,424c56c9-c889-46e2-bfc0-dfbc2271a38b
32502f8e-3d6f-4abd-a117-879b018a11e3,7fdcf03a-3dbe-4c41-9e49-50d6ff6c0303
32cb1d38-9894-4e1a-a18a-5e987d750c68,c047f53a-6a66-4552-9797-058e5a54f126
331a0db9-c1e7-426a-8d60-380bfcd73465,b3848881-fa59-495c-82f8-7add2020e81f
341ba792-17fd-11f1-929f-0a58a9feac02,341b630e-17fd-11f1-929f-0a58a9feac02
3480d8cc-d279-4841-bd56-0d58d078b8e5,3a884ed8-8180-4e9d-84ca-8b6f1b1ae96e
34c76f2e-65a5-4214-ab3e-6184353bb6de,165f8620-31d7-4239-bcbd-09d559ce3065
34fd7794-e526-4f80-84b9-f5e323611bcb,087aced0-02b3-40af-8a1a-ddf2fd9496f0
36032dd8-a376-11f0-928c-0a58a9feac02,3602d20c-a376-11f0-928c-0a58a9feac02
3612b164-1b6b-458f-91f7-d68e182674be,6a224792-59cc-4525-a52a-4c830c1f5035
377e243c-54c7-47ac-b484-eb804167620f,b7fcd342-5db9-4184-8f06-fbf807a0a318
3783c536-8c16-11f0-a585-0a58a9feac02,378362f8-8c16-11f0-a585-0a58a9feac02
37c72896-df6b-4d5f-99db-85f9ebb869b3,befd6490-cd38-489a-8cbb-d1bebcc8b245
381f6e01-05c5-4d01-920b-6013f19c1127,5511e0c7-3d11-4bc6-9077-2a129868b24f
3845dd02-75fd-4e6b-91c7-f19c7efd6b47,232c345d-57eb-4512-b0cb-7b2f307169aa
393b0271-1d40-49bd-b7bc-56ee9fab7dfd,fbbbf546-05f5-49c4-9416-9d3018bd7d5b
3940b68e-d50c-4418-aaed-46dc784f9bea,ba58e929-b43f-47de-80da-f969b606191c
397b24df-21ba-474f-adc4-5389ca91df66,40a0dcb0-da31-405f-a00f-630bd6b10c86
39b32271-83cf-4d6b-b57c-6e7cc30de145,c9553dce-696c-4378-866a-e6ff7942d49d
3a511156-aa57-11f0-bcab-0a58a9feac02,3a50a43c-aa57-11f0-bcab-0a58a9feac02
3a8426f8-52df-4ff9-b3c0-0f60e0a76f36,01709b17-1aac-476e-9ac1-c0d0190f6c9b
3b11b24a-74a7-49e5-a024-823616de8b47,418cad12-c37c-4d2d-bfb4-cc9b28cdec89
3bd49212-9dac-11f0-928c-0a58a9feac02,3bd43740-9dac-11f0-928c-0a58a9feac02
3c116831-76ec-46ea-8377-cc6b3458418e,71be2d4b-eaff-43a9-8cc9-7a657d1b49dd
3c27914c-94ba-11f0-9236-0a58a9feac02,3c272978-94ba-11f0-9236-0a58a9feac02
3c30c3a3-9260-4e5e-9c54-6fcef7789b13,4c0f8453-4ed1-4cd5-bf70-5d7a2b7fd88f
3c50de6e-735d-41cd-a62f-6695406c49ef,615cd2b1-bebf-4e64-a41e-2410d6f409f0
3d5df6d5-423d-4bf0-8824-58d0f45ac8a4,94d9069e-e60e-43c2-a980-7c088a18ef76
3d71cc73-c60d-4da6-b1bf-c36d55c56b37,ade6fcd3-65aa-4c3d-aa4c-f2ff608036c0
3d8decfe-b96b-11f0-9ae7-0a58a9feac02,3d8d8854-b96b-11f0-9ae7-0a58a9feac02
3e94ceaf-fdd7-416d-83d1-34866de27226,f0eeb388-e790-4b58-8ede-33b2863d3273
3f01673a-6cf7-41b2-a774-acb03a6b2ec6,748fe9cc-43a4-4d06-9d8f-29d187743a6d
3f277196-4f18-44a3-ac6c-afcb88d5a48f,26159c57-3f5d-4b74-a0cf-2dedcc609861
3f3d2130-ae34-4ceb-aa8f-f2171f8ab8d3,a8a7992a-c7ae-4591-b11c-c4559c6ce5e4
3f82b70a-1e29-4a8d-8286-0e3b21d26782,6df8e233-b07a-4c6e-8aea-a12181a35b0b
405934f6-1a63-4c71-8f10-a1de0d2f594f,a1d1ceae-a932-4e55-9bef-93b2b23c0060
406bf5d6-b01b-42ac-b196-e8cc036fea7f,e3419582-b531-4284-90bb-3d12a2b46fa7
410981ce-2a71-42d5-aa69-07716e0b839e,52e63f6f-2b05-44f8-a93e-41f5530cc654
418881de-55d0-4d10-9971-94e3237cac77,9e9a83f6-6f10-4c00-96f1-2f4b2765daa1
42f29056-5a4e-464d-8986-94b7e1457311,a9aa7a4f-9308-454f-a6ef-b8766fbe07fe
4340822c-9a87-11f0-b09f-0a58a9feac02,43401d0a-9a87-11f0-b09f-0a58a9feac02
4505eb79-2d47-4cc9-8f99-a246e2fcd0c7,96aac30c-eb7e-460f-97c4-d66af96ea75c
4534535e-8440-11f0-bf1d-0a58a9feac02,78b371ac-8435-11f0-bf1d-0a58a9feac02
453a45aa-4b88-4d86-aae3-3bdce29a5e6e,ff7fd024-ae30-4c42-bfa4-272bb0e7062b
45712023-4b62-483c-ae1b-41003cc52094,e515df0b-99f1-4bb7-aa72-e00c8fa141e5
45f23517-dd55-4212-871d-616388e1d903,adbc8b58-cd3a-44de-aeab-9248b08a6f10
46d8da4b-12a4-4af4-85dd-bef50b428d96,a0578c4c-f506-4170-8596-410ecd5b45cf
47198b58-0e6f-4678-bcd6-b2cda795fdcb,8e352f96-37ef-4994-b835-6fc10387cb10
4920687d-0098-4448-9e4f-8c7aa922f85c,5c53836f-d409-40a6-b43c-5e023ae60b53
499a6212-45c0-4ad1-aa0c-0ca3b444c408,c667757f-5712-4972-a50b-5d94492fbb6c
49b9e052-dfe0-4a63-a0cf-d2b75c967d98,5e77c9d2-6adc-48b7-a4b5-17a1ef52fde6
4a13e2dc-951a-4882-ba37-bfae05933059,fd9fc151-905f-412f-a555-95ddd66e8f03
4abb51a5-a647-41f1-a929-72a29cd3c978,d2995ea1-aa4b-48f2-bc94-b2dda43395f3
4aec5e0f-18a9-4e7b-8251-cd8d1cf574c4,7e2f6d44-812e-4b4f-adff-c601bd79586d
4b0dd6dc-b96b-11f0-9ae7-0a58a9feac02,4b0d64ea-b96b-11f0-9ae7-0a58a9feac02
4b377b9f-1e47-4679-a216-0b99951dddb9,50d646fb-2605-48f4-a377-cde7523517d0
4be67c44-c014-46ae-a85c-4d19eb3bb22e,b71ecb10-39ee-4f74-87ec-b3fac2723074
4bf900ec-94a6-11f0-b09f-0a58a9feac02,8157fa54-83fd-11f0-bf1d-0a58a9feac02
4c878eaa-0d42-4fcc-b355-c9899d01cabe,b5e23b48-0eda-47f6-8147-7156cc641f4f
4c890ed9-5aea-49a1-9eac-226207d59d76,0013e342-d4f2-476a-a7a9-678405fc4140
4d139cb0-8331-4976-b098-cad1a68937e3,490cea2c-ed31-403d-a0da-95a62bf60067
4dcce68a-9eb3-4f51-8d62-6fcfca4f3ca7,0c7b9556-b9d6-4fc2-87fa-5ce2503e4a9c
4dd94bae-7aef-11f0-8aee-0a58a9feac02,5d76a6fe-7a92-11f0-94fa-0a58a9feac02
4e25e8b7-d61a-425a-9b41-16fdcf6c343f,693cd2e6-9332-4377-8d3a-57235cf1b425
4e699e8a-ea38-11f0-8c16-0a58a9feac02,4e6932ec-ea38-11f0-8c16-0a58a9feac02
4e6d3738-071e-49cf-812d-9c72c47487e9,f8cbcdf8-eaf7-45db-8fdc-eed672ee89e7
4f4c57b9-ba63-47a3-a1be-607e81517319,303a014f-6edf-4553-a415-e19989441b5b
4fcde67e-8b41-402e-af34-6b8f0f3e315d,e2475bc1-3e6d-4e0f-8cfa-fdc9b94e0e30
5032c4d7-5f38-4805-a0eb-5c5b5fa8fa13,674cc5f5-0f69-4249-b0e5-71be1400aae6
507caa5c-d668-11f0-8c16-0a58a9feac02,507c41ca-d668-11f0-8c16-0a58a9feac02
5085a628-44cb-4862-9bc9-5c6288ea3ea8,9877992f-a652-4851-bbbd-46cf47e2b3be
50a471c2-0adc-409a-a6c5-0581878fc3dd,51655135-6324-4105-b408-ec932f006148
50f34746-d5ca-11f0-8aac-0a58a9feac02,50f2ebde-d5ca-11f0-8aac-0a58a9feac02
510c2562-64f6-4f64-9c00-343bf8840844,ace6d19f-86b5-4a9b-9b05-8c7a1b3b00e4
512fd6bb-daaa-4259-85a4-3de18df5c9e7,5a41c1d2-248f-41df-8887-bd77014d5a38
527bb5e1-5744-402d-b82c-616b02047cde,14c65362-cf1a-408e-9c2d-26511b87c69f
52a67b50-efa8-42c1-9889-f3fd07e0aa00,0dddc444-735d-4109-b92d-162590d1d763
532045cc-3824-4d86-b158-7310cf754898,b50c8cec-5a23-4d9a-8235-2f4774a2a4ef
53e1f42e-5e66-491e-ac7a-f5faa8200548,3f13ace6-a967-4076-9a9b-ae71330641eb
53ef4eca-1af0-11f1-a4ee-0a58a9feac02,53eee520-1af0-11f1-a4ee-0a58a9feac02
54057df3-f5ca-4c2a-ba1f-434673824fc5,403d4d88-0acd-41d3-849b-50f1a54d8687
540ce091-e818-4071-a296-781b7d7cd8b7,3326da21-1827-40e5-b7f8-5b6e37f86d1b
541e9b3d-eb7f-4eb7-84f9-fa426e6986e9,1f244600-7648-459e-bc3c-982d25785aee
5535b082-dcdd-448c-aa4b-6bc87de19768,eada9449-c38b-4902-bd0a-f32863e6431c
55a5ecc6-a19a-11f0-928c-0a58a9feac02,55a593b6-a19a-11f0-928c-0a58a9feac02
56782f8d-a207-4cf0-8552-5e287142c4e9,faab2ca2-6c49-4e5f-a594-30cf07f811ec
56864026-f025-4489-aa59-d58f3ca21c39,0579471e-074f-463e-9e18-53ba1a277b07
568afd21-9b02-4fec-a078-b2a852fa1285,94d5920c-55f5-4178-b470-9d5fcc5395c6
57243921-a8f7-43b5-b4bb-84732fc9635d,368e9d9d-4327-41ab-8f19-c66674459dc4
5753b7a0-df0d-11f0-b657-0a58a9feac02,06aac8a2-cdc4-11f0-98d2-0a58a9feac02
57a79cdc-e316-11f0-a301-0a58a9feac02,57a72cac-e316-11f0-a301-0a58a9feac02
598fd29a-f204-4e71-a9f3-4325f65fbc67,52ac2b2b-d542-4243-afcd-af1ea9805526
59b545f2-fa99-4c5e-b602-c574872d3252,8b996018-eb15-4a07-9f66-ccbc7955fbb2
5b40b3c7-2834-4b01-892f-2a3507dfdf80,a89367d3-d57b-4f1b-be85-ad67063c541d
5b7a23de-70e2-416b-9365-046b0fdeaa38,ed2c63a8-12de-4993-893f-da5385e793e9
5b96948c-e790-11f0-ac5b-0a58a9feac02,5b96211e-e790-11f0-ac5b-0a58a9feac02
5c5f9b56-daa8-11f0-b89c-0a58a9feac02,5c5f3364-daa8-11f0-b89c-0a58a9feac02
5cc32b6e-2a09-4277-9db8-f2fd9ef2f0d2,dfbea47a-a546-492e-9ed1-09c401367c95
5cd6820b-342f-4730-a5a5-b28f667de97d,1e5dee90-ad4d-4e81-98a1-eede8351eae5
5dd88c7d-a757-4f4d-8b27-b29359579bc5,3988023b-6026-4834-98c4-a895f10fb8d6
5e0a6523-41b0-4019-8ce0-6686b6aad152,dd17291a-a25f-4e70-b1b5-e307dfa69ad1
5eb26e81-8c34-4714-a138-4774bbf80b2c,0093ab73-2629-4e2d-a74c-501db59ee42d
5f2a663e-0381-4031-9af5-98fd96771890,b098ba8f-cc93-4af9-bab2-2887c3cffa54
5f335202-f6f6-4c4b-92d8-867979e73833,cf227c06-aabf-45f2-99d4-3bb8d5c6e0a4
5f72f1ca-b96b-11f0-9ae7-0a58a9feac02,5f72835c-b96b-11f0-9ae7-0a58a9feac02
5f94a28c-0944-4ef3-934b-83006c3ddacd,dde60808-15d7-49a0-9643-58830c3ca8df
5fea606b-0c0f-4b61-bf79-a6006efa9072,67c23520-e588-4bdc-af7f-4cc5c7a930a1
613fbd7f-81d8-46fc-99e4-eb7aac6be257,286a24e7-48c1-4f0e-94bc-2daef4d759f2
616356e6-9a08-11f0-928c-0a58a9feac02,6162f2b4-9a08-11f0-928c-0a58a9feac02
6280d4f1-95bd-4ce6-bdd9-4be8129676ef,d88e1e4c-0de3-4034-b964-54af229a8db6
6547489d-3b27-4654-84ab-51e309c4a12b,6b6e1d4b-e587-4e22-9274-013282942978
66363738-9be2-4ab7-afd0-b9e8037c49d2,c9e036a6-db3c-4a45-ba44-213667248f93
66b2efe0-a612-48c8-85f8-3515ba1307ae,8f793513-2ee4-4b43-980b-17db2aaa2cf7
6747e1d0-428e-448d-979a-41063591dc83,3e1f607a-0e04-42df-a975-1ed5483f045a
678efa8d-21cb-4bc8-aa2a-0832cf51da10,9b482796-e3ee-4f85-9a6f-78724979cb3a
67eb409b-6619-418d-8b95-b4a807dc7c26,8bc8f037-e951-4969-9f75-47f2101ca2e2
67f5520a-5c35-4ce4-973c-1e635fcca11c,83c2f881-4c40-4345-ac2f-2338bf8434a2
686b8759-df4f-46ae-a0fc-8bc1661e70a1,d2b9b85f-5994-402f-8fdb-7c417c8751a5
68e8e6c7-5b55-494a-8e43-690e58626259,5c74d229-c799-4db3-8ab7-de2b8ed8a28e
694b8cdc-eafc-4734-b1f9-9d43f6634133,4a856a8a-6888-401b-9979-2327552336f8
69c17086-a480-40a3-b380-a85a55eec00d,73468742-73fc-4df0-9b55-3faa2b82f742
69e854d3-8bda-4401-9fc6-6b7bcd0e0466,52924a36-57ac-4ec9-93c9-c8bf1592a4be
6a224e7e-ff23-11f0-b035-0a58a9feac02,6a21fef6-ff23-11f0-b035-0a58a9feac02
6a2486b8-5983-4c3b-b53d-b873938eb5ae,115b93f4-89f0-46d3-af97-76eb45081f28
6d1f062e-94b3-11f0-a3cb-0a58a9feac02,12b94952-8d5f-11f0-ab99-0a58a9feac02
6e6db69e-41ef-4cd6-82b9-15d4ee9a2bea,dc26dd5f-35c0-4b9d-83f6-a7bf614e262e
6fdcc7f4-82f5-11f0-892b-0a58a9feac02,80d04338-825f-11f0-9137-0a58a9feac02
709945b4-18b4-11f1-8cff-0a58a9feac02,7098df8e-18b4-11f1-8cff-0a58a9feac02
70f2ebcb-8e6e-4a6b-87f3-80fd9c782c9f,a600b52b-0da5-48b8-adec-16ff304c75d9
71211193-b089-45ac-857b-ba6867942de8,13165ccd-e566-440b-84d8-0ba2883160c7
720bc1f3-db03-4478-af6c-fc90d6c8f153,897c73a4-41c6-47a5-8f97-428d8eb03302
721e7b76-fbed-4046-b672-0a2dc8a063bd,94a22ff1-80dc-4f78-b622-dc1f43b00218
72fe250e-867f-4c33-af6e-45d598600578,9bb6fa59-5a70-4efb-92a3-6ae4e8300c53
730dcf62-010a-4aba-956c-b6bef52c186d,3c17b671-6398-45c5-ba8c-1b804122abfe
735530eb-3fc5-4020-bd12-1a1fd7b50758,fce71b1f-0808-4808-8a53-280b51e12af8
737b763c-935b-11f0-9236-0a58a9feac02,c358bcc4-930f-11f0-928c-0a58a9feac02
74214144-b1cd-11f0-ad55-0a58a9feac02,7420eb2c-b1cd-11f0-ad55-0a58a9feac02
752d9f9f-8523-4017-87a0-f6a6f37819ce,a9eb3719-17d2-40d5-bbd9-b8fd9735dfe8
75408a56-7c5f-11f0-bcb1-0a58a9feac02,781c8a1a-7b95-11f0-99fa-0a58a9feac02
75b7ad0b-36cc-4b93-b317-db047b38433e,d6b17008-4700-4d55-9c42-9b9d0c2dea34
75fce7ba-b0d5-4614-aeb9-c37ce1a234b0,c11fc2d1-3727-4760-8a24-49d81996e765
76275ed6-89bb-11f0-bc5d-0a58a9feac02,7626fd88-89bb-11f0-bc5d-0a58a9feac02
7661cf64-04d0-4842-90a4-6f3ea4e23ce5,5fa12187-c6f3-4755-80c9-c2c3416a65b5
76e7a144-bf75-406c-95bc-8b37bd4e7fd6,e4f9c6a3-0ae2-4a7f-92ea-c97f0be87024
7744aa1f-8733-46a3-bb20-ca7d505050e2,49921938-bec0-49a4-9b6e-5ecca04913bd
77546483-edea-4cc2-a0df-fc6253234ee0,dde60808-15d7-49a0-9643-58830c3ca8df
7784c1dc-7d28-11f0-94fa-0a58a9feac02,77844f86-7d28-11f0-94fa-0a58a9feac02
77af4a95-fd86-4beb-9985-9cb3eedb0002,4e6716c3-984c-4e0a-a870-f845e0f04b0b
78b41495-d1df-423f-a43a-be1a8dfe77ca,1dba3ebd-702c-4887-bc88-c3955258e679
7937f1bd-724a-4956-9d8f-db932beb305f,e5261876-6e4e-42ef-9639-1eeb4a049e1a
793d3eb7-2967-469b-831f-abc657e77aa3,c5429b9f-4e44-4e7b-9604-50e6d376ffa8
797cbfba-b1cd-11f0-a2bf-0a58a9feac02,797c6434-b1cd-11f0-a2bf-0a58a9feac02
79d1e984-eff6-443e-9211-2c42a4eeeb73,4bc39ae3-ca37-4556-8750-8dbe7ac1bbd3
7a04afdc-64b8-4465-8637-dd382df91a1f,9c3069c0-a43a-444b-bfb9-c4ab19d7b6f2
7a11cf4e-e77e-48a9-bb30-be6036bf45bc,8ef2b008-faf6-458c-a828-bb50a52e3f21
7a148285-8b35-4350-a8c9-731d8e199666,5f836379-d798-4c03-8a41-e9f085c83269
7b295c9c-8eda-4fe0-9876-2cf9e884d433,2bdf524c-a3ec-4222-a480-a90bffd49395
7b318a4b-51ea-46bf-b785-d988b3bffd00,3fb865ad-776f-464e-8f26-f2debfb77670
7b67fb3b-4994-499e-be0d-2c9a4e1c7285,9799dcb6-7a2e-4123-926c-aacfa097e3ae
7cb655bc-820f-11f0-b7bb-0a58a9feac02,f7f22d2a-8195-11f0-8c56-0a58a9feac02
7cd3e3a6-e7dc-11f0-ac5b-0a58a9feac02,7cd3317c-e7dc-11f0-ac5b-0a58a9feac02
7ce6e1e0-8722-4bb7-854b-6e68f3f2be35,10e5da74-58fb-4811-b85d-f45c067dd422
7d7df297-12c2-467b-b839-7d8b23e627f8,bf42ffca-f7b5-4d10-8875-c5e0985b590c
7e944b10-40ca-4287-9478-76fbf677bfb9,ea5407f3-3f31-4dda-b942-a38aff7228b3
7ea06992-e99a-11f0-a301-0a58a9feac02,7ea0010a-e99a-11f0-a301-0a58a9feac02
7ebe3927-63fb-460b-bb32-d001d71a4712,26a05824-2576-4df1-99c4-bf6d81a0dda6
7f713ee3-3340-41ee-adeb-84d5135b7e3e,9d27ca79-e32b-469f-9d17-8e65a25956e5
7f77a1f5-2025-4b55-bd79-06b7d62cd20f,437215d6-1ebd-4aae-9815-724663dc4b9a
80a25ada-ba05-11f0-80c6-0a58a9feac02,80a1f75c-ba05-11f0-80c6-0a58a9feac02
80d3cf97-9e33-4637-9d46-a02825a84d27,20a13d98-2f39-42ae-96d9-f45c1747c25d
8166f9aa-a586-11f0-bcab-0a58a9feac02,81668b50-a586-11f0-bcab-0a58a9feac02
81fe91ea-81df-11f0-892b-0a58a9feac02,81fe30f6-81df-11f0-892b-0a58a9feac02
82489c29-bdfe-4d22-9331-3c3433cd3071,45528f74-ad44-4327-8191-63b4ba775ae7
82614fe9-b1b6-427c-913b-286db1ef2e53,9975aec9-3f06-4ea1-99e4-0f85b371a083
832cc908-ef8f-4fd1-8c06-5d45168a814c,24491e1d-4ccd-4176-a3db-0a1de8527070
84b77f1e-019d-471e-b55f-283e7857053a,f94ffe36-bbb8-4875-80d3-6423b9ffeef7
854d0168-d920-11f0-a301-0a58a9feac02,854c97be-d920-11f0-a301-0a58a9feac02
8564717f-8c28-4c1d-876b-10721e797466,4a979350-784e-4fc6-8dc5-425be5fe8b48
861ddb4c-e02b-4fe5-a4e4-31d43c1c4825,8a5d4896-0f74-43c9-a911-61432f0c174e
865018c0-f317-4306-b38e-6c80e76521d2,1943e3a6-f212-44ab-95fa-bddadfc24211
86f33e92-6bf7-4eb2-81c3-454796f3d989,69cb801c-d8ae-4f69-a9e4-6ff21bd85e43
86f3eb70-05c6-4556-b106-3709fd87aed1,c726997c-65d1-4bb2-8da6-74dab119e720
871cd5c2-76d1-45d5-90a1-3600dac024cb,fb386a44-eaac-4aae-b670-3d86b7e154ed
872e79c1-60e6-4824-a58b-f0f6c2f1cce9,930b7dbd-2f8f-40cb-9ed0-f3261185f081
87a5f97b-eda2-4575-87d6-67ca9bb7b36a,0a2dce94-ea07-41a1-8d36-495142b9c492
87f78866-e4d8-11f0-a301-0a58a9feac02,87f708b4-e4d8-11f0-a301-0a58a9feac02
88022060-f035-11f0-a8e4-0a58a9feac02,8801c444-f035-11f0-a8e4-0a58a9feac02
891527e6-81df-11f0-9137-0a58a9feac02,8914c6ca-81df-11f0-9137-0a58a9feac02
892aa110-f7c5-48c7-8707-11ebf025a268,227b7846-c57f-4eeb-a9fc-5cf0fbeed523
89e8302e-b2ee-11f0-87a9-0a58a9feac02,89e7ce0e-b2ee-11f0-87a9-0a58a9feac02
8a164447-ebaa-4175-b304-ab776ed8996c,20763f29-3cd2-4af4-a807-d670b47149ee
8a90a5dc-dd5b-11f0-8c16-0a58a9feac02,8a903e9e-dd5b-11f0-8c16-0a58a9feac02
8a94504a-7354-11f0-81bd-0a58a9feac02,e0f8e570-72f2-11f0-99fa-0a58a9feac02
8ae86f43-1e26-4848-a549-366785dde837,5be32caa-f0a4-4b1e-83f5-16995623c48b
8aeff515-e268-455b-945c-7fa95803ff94,fb4337e0-dc91-4dec-a638-072c030e2a23
8b42d816-6c97-491b-a52f-7a83f6bcbd19,89a96fdf-cb0c-4293-8c96-c921a93813ca
8bbb153e-12b1-4238-856c-8acfb310480a,2a23692b-29cf-4ab5-a231-49b54d146364
8ce3fb1f-f2ae-4829-8d39-bea26c57582f,dde60808-15d7-49a0-9643-58830c3ca8df
8df29ae4-19d0-478b-b8f3-6c4a15f80663,420f9312-43aa-47ad-991a-d707d09b0db3
8e10e999-d13f-41cc-b059-e253854b6f7c,7da11a05-07a6-4750-927d-859ab504c423
8eb9948b-e33f-4ff6-afbb-db80e9674b1b,71baec5a-c9e9-4150-ac49-71aed7b04848
8ee23cf6-99ca-11f0-b09f-0a58a9feac02,8ee1d4b4-99ca-11f0-b09f-0a58a9feac02
8f35304f-3809-4cdf-ab48-81f0f693194e,4e23b7be-e88b-47e5-b0bf-67b4a59c3aea
90008418-54dc-416d-9170-6ff48948a061,e03f6234-30cc-45a4-b5d7-662f9e062342
904864af-12b6-45a7-9038-5384c4bd5ede,be271909-c248-41d8-8388-39ac722a62bd
90945b8f-2f66-4288-bbb5-63bc16984dcd,15f15e67-7c55-4389-b33d-f502cf4b5874
912bdddd-21e1-45d4-88f9-4ef7d8c43fcd,a6df22c4-3790-4501-85ef-fc843cf0dc26
9159a94a-273e-434b-823b-064f6d18bc6b,b8b03bd8-be9b-490a-be08-d70df61ee531
91f51466-01c8-11f1-9a5b-0a58a9feac02,91f4ad82-01c8-11f1-9a5b-0a58a9feac02
92bf6bba-7641-4c57-9f80-2f24988e2bc9,e7436dfb-ad82-44fa-84de-05fc779106f4
935de83b-4ac0-40de-9604-83eb9aeff0dc,ee205a95-9ec7-4cd8-bcfa-cbdea9184190
93fa7ac9-9e4c-4243-bd8e-4bc76d555241,b9a4c63b-0731-4f29-b407-ae72f75ae0fb
944bd238-a74d-4de9-926d-95be3eae411d,ad23f5d6-4786-41db-9fad-bf0d3809d73e
945f9659-50b6-42c2-b090-6b37d1e30f76,f50dc073-b3e8-4794-97ae-04f93142a391
94d47b03-745f-4ed8-a03e-0924e67e7196,3f9754c8-b20d-4392-9dd5-6cf00c4d76c2
95696535-9b2e-4f14-9bd5-e24604ae31aa,c4a5ab5a-dd0c-4a7d-81cf-b70943edf90e
95f8876c-9488-11f0-a3cb-0a58a9feac02,95f81fca-9488-11f0-a3cb-0a58a9feac02
966ce0d3-c5b5-4858-8810-8f8005517647,6304a3c4-5416-4b2c-9f7b-36f73163b083
96a7ff45-abf6-4c0e-b00e-1852a87b0ab6,7941129b-a571-40fd-9a9c-18b90b8ec195
96dec9a8-c805-4009-8cd5-a0cd5ed989b8,9557c469-cd54-416d-9216-26d91a677ca7
970ebafb-0a56-4e4e-b983-6d07acae5e13,31147fa6-3e21-458a-976f-50d4e1a59483
972d124d-78af-4db1-9657-e2986eb8bd61,023358b6-c457-4d33-868f-8274cba0ee42
975227fd-b738-4a6c-9493-17886244eb2e,2a2e798f-3cbe-42e6-96e2-36072c50f0f7
97e131cb-be18-4ad9-adef-ec42d9c5db60,8fcb3404-9f29-4970-9633-89aba7f65494
9c1a21ec-3295-4d6c-a8d3-9d365638dffd,db30d9ad-8401-4249-8f82-db091a589ed5
9c3927fb-c0e6-4d20-872e-d60ccb58e8b9,b90cfcc7-ed8b-4e20-bb78-8aadcd90828e
9c3d9a2e-ac13-4cee-a0b9-8f84532dce8d,36acd3f2-1891-4882-a2ef-a4700af9644a
9cb97626-2150-47aa-8b7e-acf345b2aa93,878461c9-909b-473a-bd94-35164082ae70
9ce9894e-efa6-11f0-820b-0a58a9feac02,9ce929e0-efa6-11f0-820b-0a58a9feac02
9d2f548d-6d53-44fb-9d4f-c436a17563f4,9cd41e00-db85-4bcc-a443-de163ee27d8d
9dc552f6-b818-46cb-a8e3-ab4721c1f4db,d02307bd-577e-4dfc-8aee-761cc70b29b4
9e95aedc-8f8a-4295-ab68-da72c09fc597,866fc7c8-9fa3-40df-94b6-262739c68be6
9ef6852e-9816-43ad-9e8c-059aed3af4ae,5e7655f1-aa42-4129-baa2-6e9fb8402895
9f07dbbc-7e91-11f0-8aee-0a58a9feac02,bc2472da-7cd6-11f0-94fa-0a58a9feac02
9f33a24e-17a5-49c4-aede-e3e7ac00e813,c609df77-052f-4761-ae07-796626be9d40
9fac90aa-0076-4393-a289-5d3ca1dad833,4bfc2298-2ced-4d50-8beb-f5d73db441b9
9fe572e5-498a-4bf6-83c1-9a3280c50d8b,6462cdf8-e36d-4a49-a8e8-ea2cb96211f5
9fee874a-0eb9-4db4-a582-025a770dd0a4,0a2a5cd6-3799-497f-b5a0-1e26ba8aa339
a04745ae-e92f-474e-9dbd-da963c31dc8a,93be902a-d339-4de2-823b-bbb1703ae78e
a0642c28-93a2-4c51-a8a5-6461761ddb5f,71e64592-1cfe-478b-b337-b345a8c1a716
a07d7a20-6b41-47a5-b157-a69f78b72bbd,54e73c20-923c-474a-8731-43475b8847f1
a1138b62-7c4d-4391-bd00-17b8a0d1b902,db72c334-38cc-4577-adb1-7af1d089f36d
a1b14ca3-5f72-4a3f-8496-7c4a30de92d2,5a85ad78-8ef0-4bee-a2ac-151ab700cc4c
a2056f1a-ee57-11f0-a8e4-0a58a9feac02,a2050f3e-ee57-11f0-a8e4-0a58a9feac02
a2081a52-dd0e-4a4e-b7dd-529a02d4b1a1,de979c9c-e253-4302-8376-d3831080efeb
a2d4a2fe-4e4f-4fec-85ec-7cca3c722056,dd2508fb-f919-4a28-b238-538c8828dd4f
a2e1b0ec-a2df-11f0-9236-0a58a9feac02,a2e1502a-a2df-11f0-9236-0a58a9feac02
a39b3747-b1f4-4a5d-b849-e781cb81b8d8,b92a8dfc-7789-4778-b412-4570af87421c
a412bb1b-3d3d-42b7-93c2-09dd63c4412a,7c66d762-39d8-4df0-aacd-6dbc41a08ed4
a457bb62-7b69-11f0-81bd-0a58a9feac02,e77a90fe-7b1e-11f0-8aee-0a58a9feac02
a64b6fac-fc6c-400d-9a62-ee414b84e447,1ec1b41c-f8fb-4555-a383-02a03e94a625
a64b8d55-5675-4433-ad8d-aac74571422c,fb1a4ba7-c6ec-4f89-b96f-caacf01f91ee
a6e606b0-7374-40da-85fe-bbbed637bb0b,98a7f4e9-bb38-4f4b-a494-42a883b00c68
a771953c-f9ab-4e3f-8250-e91d8ee1bd11,07eef94b-2f43-435b-9807-727820338051
a7c63ce2-b97b-11f0-a702-0a58a9feac02,a7c5d888-b97b-11f0-a702-0a58a9feac02
a85325d7-6e62-4ed6-93e3-22568ee1d5b3,50aa9d8a-f61b-4bc7-81ce-b570607e8921
a8943414-0b80-42e2-99e6-7320c7b15312,86620d1a-322e-457a-a0ad-ae88f53af9ee
a8bfe87c-8688-4841-ae77-5c61a70c559e,f62a25bb-eeab-4de7-b202-3f8abde8e10a
a95947fb-ae71-4943-96d6-859f85cf69ee,dffe21f7-8a43-45c3-aaa2-cda8dede48b6
a9a8cd5e-eeec-40ca-9c89-288bd88324d4,68c14f42-9e39-460a-a9e2-c9b37aa4b072
a9b3f1b5-c6c3-4bda-86f4-7583528a4b96,d373dbb9-6470-4ab0-bc45-6faa0afaf180
aa5a2833-9452-4ff5-a49d-6859051efa3b,cd928a59-5599-4880-8d71-9ec4a503ed22
aad4bdf4-ee53-49fc-b02f-55300405be66,ca525667-5721-4476-9938-d26e19fd1f3b
aad8824f-f0a1-4a19-b4a7-9fe16d94c60c,7338d116-90bc-4728-b04d-968bf9e7e7f0
abeae11c-da80-11f0-a301-0a58a9feac02,abea7632-da80-11f0-a301-0a58a9feac02
ac2e7646-66f0-44a8-a5ad-d511934665b9,ea0993e9-47de-4cce-b72e-c2e5d329c24f
ac67ac28-0cb5-451d-97d1-af039c9202dd,cd6cf97b-a3e1-4690-9fcf-df8c0f5ccafa
acc5e1fa-8c34-43be-b03f-62bb932d1792,a8a41c81-1f3a-4034-b6be-45318070b1ff
ad099312-83bf-11f0-bf1d-0a58a9feac02,81a8a0bc-822c-11f0-9137-0a58a9feac02
ad6e73b0-d68d-11f0-ac5b-0a58a9feac02,ad6e04ca-d68d-11f0-ac5b-0a58a9feac02
aeb88668-0647-4bfd-857f-82402e3e7282,de0de391-cfb4-4b67-abe5-7ea55e3eacc8
aed363e1-b141-45c4-9b48-cb30d2a8fc75,40626266-41a9-4a3c-9ad4-8522c45e0dd1
b0234ebf-f1b2-4ec4-afa4-98bdbe52cbb6,326454bd-e384-477a-98f9-1b38d11ebabc
b05ef8ef-c559-4e98-8145-34cfd48a2532,c639b5ef-f97b-4332-9b6d-9a8aa4d1089f
b07605c0-6edc-47ff-9449-beddb5e72ba2,f7c7edab-994c-49f0-9e25-14f66cd017a4
b15417fe-443c-403e-be48-8578458b44a1,90cacbe1-8525-470e-8c6e-ec5630e16e00
b1be89a2-eaf9-11f0-ac5b-0a58a9feac02,b1be1198-eaf9-11f0-ac5b-0a58a9feac02
b22259c5-f8bb-4dfa-8467-f1e050b0e90e,1e14fa27-3b12-48fb-95d1-d502f96316f4
b26e8332-843a-11f0-bb6c-0a58a9feac02,cdb05f14-82a8-11f0-892b-0a58a9feac02
b2b7a73c-884c-4fa1-98a1-ae6b45fa1de9,a3a5a8e7-987d-47e5-98d8-eabf0fa698c3
b2bfc1bd-7924-4aae-888c-52c0ddb910c9,e985398d-3ca2-4da6-85d4-210edf08eb35
b32559a9-564c-4493-b0a6-f1c3365e62a9,5dc6db73-30df-4365-b43a-bb2c1effd2b6
b43ce204-a90c-42e4-bd5c-e68c4ab8ed52,c03ee80f-a64a-4a82-abe4-ac5077fc1951
b486e05a-abd2-11f0-b3bc-0a58a9feac02,b4867958-abd2-11f0-b3bc-0a58a9feac02
b4dbaa54-5503-44eb-8e97-6ae643a96648,2cdfa591-ada9-43a9-992f-6ec6fe8fd519
b4e45196-b57c-11f0-acc2-0a58a9feac02,b4e3ec6a-b57c-11f0-acc2-0a58a9feac02
b54a5e7d-339c-4f35-b4af-da921bcce834,7be0ee8f-4f79-451a-9c83-d16634b42214
b593d313-a11d-47bf-b427-ac4175e350f7,a7b8904c-3e2b-44e4-b2e2-89da3df51bf2
b5dde800-fa40-4b78-8ee2-2183215d097d,fbc2ffe3-e46e-48f3-99aa-2a26660668ac
b66faf84-ed66-438c-a015-658cca1e14d7,37acdd50-4183-440e-b7d6-d06571045306
b7067385-e3a9-4d04-bd1f-e885a354f48a,ccb76b7f-655f-4415-b6f9-f998a0363e2b
b7cec0ba-b96b-11f0-9ae7-0a58a9feac02,b7ce5f44-b96b-11f0-9ae7-0a58a9feac02
b801fa19-1d75-448b-9369-43346c95c855,31147fa6-3e21-458a-976f-50d4e1a59483
b824dc15-ea16-4889-bb06-ad67fee15a57,b35ecad2-112e-4719-8e88-6df8bf3c2f1e
b83d606a-b3d0-491f-866b-b339484b30f7,59261959-1200-46d1-a518-1f794f30191a
b8d52037-67ed-43f5-adc3-bbeaa6d1d756,25e9c7b1-7936-4655-9b99-06f1068e0324
b9c9b702-dfb4-11f0-8c16-0a58a9feac02,b9c93af2-dfb4-11f0-8c16-0a58a9feac02
ba07e2b8-14aa-11f1-b1a9-0a58a9feac02,ba07887c-14aa-11f1-b1a9-0a58a9feac02
ba2373e6-7b64-11f0-81bd-0a58a9feac02,ba22ffd8-7b64-11f0-81bd-0a58a9feac02
ba2bfa56-eb1e-4961-bd27-0d3c19eb9f4e,a3a38c3c-fc65-4de7-be3e-dcf6bc5a73ff
baf364ee-44b3-42dc-9582-85fddec96d5b,f8f51f0b-410e-4b96-9020-6d58538abe27
bb57e7b7-066b-4170-a05f-b79b70ba07a4,ba804cb0-7f02-4058-a80c-08ebe022a29f
bb600cf7-70da-43de-b161-4af22a3ab28b,7fc7ea64-1bf3-4718-900d-ad1e887bd411
bbb57b59-5de5-4b12-bd57-6242f87fe9d8,f0a99bbf-4c9d-4542-a54b-5c9a2a20f912
bbec7539-1100-4a9e-a396-c659e7af3d9f,311f9269-b325-469a-bd48-99952dddb978
bc3bf2bc-ef9b-4eee-b470-596d11a89bc2,8eaaa0f1-2252-43e3-9d61-a003fd5934ee
bc48943f-e5b0-4f92-8655-5000f45cf649,7c8e5d27-6788-4c7e-a4dc-5bc9e27b0f0a
bc505b57-5d8a-4b02-a40e-0f563d18f353,820dd1e1-d072-4b26-94f8-882fe1a71de2
bc63eecb-47e7-4e25-b0ba-544e5b741e97,87280ac5-9e0f-41a2-b31a-cb3ad249bf75
bc6b643c-728c-11f0-99fa-0a58a9feac02,bc6afaa6-728c-11f0-99fa-0a58a9feac02
bc6d220f-215e-4e93-bb9f-dce417f34c3a,a1c188fc-138f-48be-8d82-bbe23747d1f8
bcaf2937-8a46-43db-b29e-51d0739a54ff,dea46d2f-1c38-47bb-8d7e-84960233cfa9
bcfc5b5c-a6b4-46b3-8744-fbf5146c11e7,8be97792-0513-4a56-8b2b-5a51338726a5
bd54e028-7b95-11f0-8aee-0a58a9feac02,bd547020-7b95-11f0-8aee-0a58a9feac02
bd620c08-02a1-465d-9254-e21b41fdac6f,68fa8c36-8a67-4622-b4d2-5179798e4695
bdc2b341-fe32-4d05-b9e5-c0a53716c445,e685f7ef-ef18-4055-8d57-0eb1b5f6c580
bdda2668-44ce-4fcd-88c7-e636e0376c42,aabf7d04-81bd-40c4-a470-fcd102386092
be5ac99a-4d23-403d-8cfe-53628ea3c340,84fe72e3-81ad-4406-b80f-c74450b26108
be72020a-3d4f-48ce-9a07-b4f2daa6df2e,399cc06a-45a7-49c9-b826-faae9d6c6eb5
be989ed0-3ee6-4637-890d-e9af6e23b5f8,8ba6765a-f72e-4bb0-a308-8deed3bb96ab
bebdcdf1-b838-4360-be76-dc112853a075,d471c895-4d35-4c34-a254-777013b590f1
becf10d4-70a5-4cfb-b627-6a6b86e72f17,62996e12-4bb3-49e0-a79a-42158ccbe161
bf4397ed-e073-47aa-bd9c-2a52d6bdfd13,6f59f7f1-2dce-4245-9f5f-219ca2c0a21f
c029df65-6dcf-4074-81bb-4e56b4d0166c,c85b337f-cc2a-45b9-8ea6-73eaccbe2a93
c11eeeb2-5df8-4e69-85a0-8ea7427ac34c,4cad01bf-51ed-42b6-87d8-eb0277d356b0
c1fd6189-740d-4efc-bc0a-c56b51cdc4fa,a3f8753a-888f-4ceb-835f-43e86bf32be1
c22fd1cf-2f17-41ca-bae8-bd4c68660746,59147dd2-c519-4343-bf8b-0b5e3fc2eaf4
c23abe78-e4b1-488a-a2be-8bbdae39cb91,0093ab73-2629-4e2d-a74c-501db59ee42d
c23dc2a7-80ce-4ebc-b53f-f639efe82e22,b2ba8b70-6765-4c92-a9c7-fae8b65006b9
c300cc42-47a9-4bd4-9dc3-d3d847929ee4,f274b580-64e9-417b-95cc-fa302ff0dd2b
c31d1bd2-e491-4a71-881f-f82ca5049fc3,fa493be1-186c-4130-8835-9353b7e39d0c
c3804c14-3a13-4720-9c13-e465dbba3ee5,96189fc5-fc8e-4f6c-bf3e-ef48d7d84490
c3cde405-04af-4135-a53f-a2ef9a52ff9e,dde60808-15d7-49a0-9643-58830c3ca8df
c49dcbdc-0366-488f-aeed-4e873c5a7c88,b7dc489d-f933-4fef-ba9f-e79a2f17c062
c5aee2f2-9e6b-4b4b-8818-e4383fca5a51,54e415ac-bceb-42bd-929a-c1b1078111cf
c66e7d4b-fb19-470c-9fc2-81c594033a80,7f8d65fa-a534-4b5b-b70b-33b51d1ef867
c748a57d-9fa9-4b92-90ae-3a2850b5ef3e,cbf89bd9-f567-49bc-ad64-8a08a181df33
c77b6b2f-b0e9-444a-9154-d823d8d3ddfa,c910ea10-c7b4-4780-9e5b-e27d8e1ff231
c7b86b19-0376-4322-bbbf-f64f1717ad6e,9c244d14-2bb7-4451-8061-7b17c1ef6ee8
c7c9f602-e6f3-4fac-8daa-130f453fd632,235a47f8-7454-49e3-a66f-4562e6531dd8
c7f23e1c-7ca9-11f0-99fa-0a58a9feac02,4a187a3a-7c61-11f0-99fa-0a58a9feac02
c864c46a-7dc6-4fa6-8634-d1cb2da0296d,c8014030-6eb5-4641-97bc-8fa199a7c34f
c897dc4e-c82a-42f5-8a3f-af41bd94609f,07fdfefd-e26d-4082-a510-eff805626cf7
c9b43f3a-05a2-4aef-9336-8c4ab81053b3,15772084-756e-4ba1-8ab4-fb13644ec04d
ca0efa3c-52af-463c-bc7e-c0c1ca80f4cf,921a9774-b505-412d-979c-3419c8d6e3dc
ca49b784-9ebf-11f0-9236-0a58a9feac02,ca495500-9ebf-11f0-9236-0a58a9feac02
caa0f89d-115d-435e-a7d8-6fa1b78edc50,312ad3f9-0c1c-4db4-b30a-75136081540b
cabcd3e2-c3e8-11f0-839f-0a58a9feac02,cabc5e3a-c3e8-11f0-839f-0a58a9feac02
cafb366d-1dcb-4681-ac4b-3c9c01944e8c,47223f87-ea9f-4e10-a833-170f71c72558
cd7d6e04-58fd-4b1b-8ec1-976eb9d1b3ca,c20e9713-f542-40b6-90c7-620734d0dd90
ce86a4a0-299a-4912-be74-20f228397585,ac9521ec-35a8-4806-975e-7b90b5e403e0
ceb194f2-9a60-4369-9bd6-127d79245da6,e68c80ff-a7fe-460d-b632-eb5103e45fe4
cef6616d-a6e8-4399-839f-c3f2e0085959,4eb13351-8a6d-4fa3-8b9f-e420656ee872
cfce536d-8571-4b9d-ac98-bc2cc9e751bb,b89f9ad9-d18d-41ab-8d73-067e8ff8c974
d048f1d1-90e7-410d-8fec-018bcbf9735b,03e7f50b-5025-41d6-8ebb-df024046c30a
d07ea5ab-2b96-4282-9bb4-cc37c8c97992,2c91f837-7378-4899-ad78-6da52daceea4
d0fa3841-5c57-4a84-a1c3-6badc7a82754,915352e1-52f4-4435-bf13-fd10ab0f0a11
d138acac-3c48-4810-972e-0ffbebbb3216,bd79dc96-8cab-4303-b965-e3cee64b4516
d16ed680-7871-11f0-99fa-0a58a9feac02,d16e6394-7871-11f0-99fa-0a58a9feac02
d24bcfa2-bbda-11f0-9ae7-0a58a9feac02,d24b5770-bbda-11f0-9ae7-0a58a9feac02
d24e6108-6d74-4761-b450-cca6d302751c,239af122-333a-4f6c-b5f8-2c028c04291d
d2faf5be-d5c9-11f0-880c-0a58a9feac02,d2fa904c-d5c9-11f0-880c-0a58a9feac02
d395259b-8fcd-4045-b8e9-d2fda4cfdcd4,06f78f24-4370-4758-a8f1-4cc20f0984cc
d3ab948d-ba4e-4473-9002-3b5f7264d88b,99e520ab-3b62-4688-a12c-e8d1c323a9fe
d4391d28-addf-11f0-be96-0a58a9feac02,d438b0e0-addf-11f0-be96-0a58a9feac02
d488beae-aea8-11f0-aa04-0a58a9feac02,d4886152-aea8-11f0-aa04-0a58a9feac02
d4cb4001-ee3e-42bc-8af9-a74f2dcd568c,7d654fc7-1a6a-48d5-86f0-6d8774977201
d53b8d21-d2a7-4ead-aac3-161049573d33,b8383e8c-dcf2-4e43-91bf-af3811c04cb5
d589cec0-a065-448e-8f63-16970787ac95,bfabfa7b-bf4a-4d28-943e-f97971dd9feb
d5cb6381-3975-4b8d-b82e-12f6b83b31ae,fbedcc45-a1b2-40ff-a3b5-4d92aa3b0ee2
d5d1a656-76de-11f0-99fa-0a58a9feac02,d5d1377a-76de-11f0-99fa-0a58a9feac02
d6f2320f-b3ae-4b7a-8a30-35557293891d,82dda242-352b-4ec4-abbe-ca9257206800
d7111d04-eec4-11f0-9376-0a58a9feac02,d710ba58-eec4-11f0-9376-0a58a9feac02
d747a620-550f-4b13-b122-679a652af83c,688f29cd-2b28-4979-9250-38925128b1b6
d775513b-d639-4c2e-9229-9216b4a21f91,1a49971d-d87b-4418-9b9e-c93d24910de2
d7d88d16-bbda-11f0-80c6-0a58a9feac02,d7d81b88-bbda-11f0-80c6-0a58a9feac02
d7db7709-1ba6-42b3-a130-a0aee9c0bdd7,ab25bed8-00b3-4404-b4f2-7efb542de554
d885c1de-b969-11f0-aa41-0a58a9feac02,d8855dde-b969-11f0-aa41-0a58a9feac02
d893b1a6-7871-11f0-81bd-0a58a9feac02,d8932dd0-7871-11f0-81bd-0a58a9feac02
d8fd21b0-eeee-11f0-9376-0a58a9feac02,d8fcb9d2-eeee-11f0-9376-0a58a9feac02
d91d5996-1be7-11f1-bc48-0a58a9feac02,d91c8b88-1be7-11f1-bc48-0a58a9feac02
d9387644-d566-4f77-ab6f-5a51dc577255,466786ab-8049-404b-b47e-df47b3c1ac91
d941d3c6-7e51-4dfe-bbc0-9581c9a5c626,506fc568-1585-4994-ac94-b94e84bb49b6
da36c2c4-0bd7-11f1-b327-0a58a9feac02,da366054-0bd7-11f1-b327-0a58a9feac02
db0398f4-b974-11f0-9ae7-0a58a9feac02,db033760-b974-11f0-9ae7-0a58a9feac02
db5f595c-883c-430a-b37e-cf5c7ec777b1,46769921-8e74-4e79-9087-b48b962d4759
db886904-8327-429b-9da1-ecd03a4cd27c,7b5242c5-ef19-4ff2-b0ab-5430891fc1ed
dc14e98f-bb36-4901-aa49-b2c2b0f7bdc6,5852104b-4e83-43ec-894d-89675b6756b7
dcf28546-cc3c-4d00-a33e-1352652ec6cb,f533ab5f-5a7d-46c3-b2f7-5c0ea39106da
dcf5d438-bb7b-4a59-9d09-932c72fe7ea4,6783eaca-49c3-4352-a45d-48bfd4f3f434
ddb39122-b969-11f0-a702-0a58a9feac02,ddb329ee-b969-11f0-a702-0a58a9feac02
ddd8f78c-05ea-11f1-9c9f-0a58a9feac02,ddd88efa-05ea-11f1-9c9f-0a58a9feac02
de267778-295b-4938-9f0d-5773396743c1,470d7380-266d-4b99-9b0f-facadd218a23
df77ffb5-3a5b-44db-ae81-3d718f9aa071,8145f145-fec7-4ba6-9c92-431d30c8dbff
dfa62b94-4174-426d-96a7-117d933eb890,eba0d154-5ac3-45ec-a338-16ec5442ba1b
dfb92018-fadc-464e-becb-6f2cd238a914,4eb46cf4-35c9-44c2-b71e-5535806cc5db
dfea6b93-8b78-44eb-a9db-5633495d16cd,bcfcbaa0-9aeb-4d63-bafa-275a270c548b
dffa2a39-7b9f-4513-89e3-bdd53607d6ed,8001bfe1-b8cd-4302-b238-b77a49629bad
e022431a-7a85-47ef-b235-e6320f530f58,47cf6566-26b1-4760-b8c2-15e2246bc179
e044169d-6864-4ccd-b0dc-e43f6eb94480,b6cd7ba0-26b4-490b-93b1-7c38dc2ab342
e0af8efa-758e-4e74-a382-2355031063f2,f6d27aab-0972-48a6-9fd8-1fb30f088fe7
e0df9780-a1bb-11f0-928c-0a58a9feac02,e0df3aec-a1bb-11f0-928c-0a58a9feac02
e0ea8583-7b16-4249-840d-622e697b3178,941a061e-2c37-41f8-98a6-a6090f9c08a1
e0ffddd4-01d9-4da2-a54c-7cbb321c3a53,52186a62-4c38-4947-b976-5ff5023c1a2d
e135668c-8939-11f0-afea-0a58a9feac02,1376bdf6-88ec-11f0-922c-0a58a9feac02
e1b9100a-1854-4e93-8c24-a1b8af133615,57ea6a77-7d08-480e-9b98-64f465033871
e30eb21d-cefc-4289-9ee2-bac193079aae,c176ace8-96dc-4477-b147-5e3f1cd7474e
e3a81818-ecfe-4e26-82b5-a693338ac0e8,a564a644-a9d9-4e5e-a0f5-947e2362039a
e4483b3a-f36b-41f2-8951-b33e9abef2fb,e54eaedb-7ed6-4140-89ad-18cad7db20b0
e44e3268-85fb-11f0-88ed-0a58a9feac02,1ef82458-85d6-11f0-8937-0a58a9feac02
e4652b59-764e-4e5c-b928-eb62d471d97c,94bfbcc4-19fd-4920-a422-1273230399bd
e5170021-dae9-4376-9dc3-8a7ea85e741e,52a8cdef-91c4-4ad5-8a8c-a551dc7675aa
e581f3ce-1a4f-4419-908a-c17bb452d3fa,17905526-1285-4e46-a22d-6c7fdbbcfb6e
e588baf5-67b2-41c4-8354-029fad63e2af,fab18ef0-2d10-413f-bf09-43dc220bf916
e5e4aae3-e5a1-4342-83c8-91a582b488b7,c1b9bd56-b1b1-48bb-8b5c-20f3b908d32e
e65fc068-e2d9-11f0-b657-0a58a9feac02,e65f4700-e2d9-11f0-b657-0a58a9feac02
e6a4de6a-007d-4778-8da2-8600129fc578,e1994dc8-d9cd-4231-9e4a-2aa4270bb869
e6cf382c-7fc8-11f0-b7bb-0a58a9feac02,c3942d22-7f3c-11f0-9137-0a58a9feac02
e7206f71-de01-486f-ab3b-b4fbc919ea1f,8fa4bce7-6ac6-4a46-8a85-724acffa475d
e864b854-7804-4478-8994-e1232f6f4a02,7cd5d3c2-3657-4c8b-a7d8-c7310d45c202
e865d3cb-ace3-4052-8d2a-df7d168ea767,340ff9d2-f901-4e46-97bc-f00ba8fb1990
e87cb465-abdd-4cfc-a2ab-9c6ffe46f7b0,25fe07df-11c7-4b82-8c9c-fa8c6cfc8d33
e9341319-0f5e-419b-a95e-3623e4e8142f,f480ab88-6259-4fe9-ade9-610a6f1ad14a
ea2befcb-76a2-462d-bcf2-87f88e35489c,7e595e47-e984-4ee7-8595-c7e5d3882c7e
eab9b67e-fa73-4f62-b888-6a166deffb53,36e85dcc-2e2f-4e56-b06a-a879adac83c4
ead80b96-a857-4f36-bb7c-5fb009ad3905,902184fd-a6d8-4a16-add0-0e78025d1ed7
eaf96716-9ecb-4233-8fd5-c99f133440cf,cb802dc2-ea8f-4fa2-91ac-6c457ab29abd
ebbc2c5e-13b7-4ad4-a4d8-cd7629a31188,8d11e630-f02d-4ea1-9b15-4b8875b9470c
ecb237db-f8a6-48e3-b4fb-9284b2c4ddf0,cf7baaec-7277-4dbb-ab0c-981d0416a799
ed7b35ed-fb9d-4ee7-8f12-094e9fe816ed,85cf1ad8-67f4-4ec5-9569-297697b12d67
ee97faa8-8839-48a4-878b-8b731b60d389,4a1be37d-49b6-4b52-b57f-f662897b5dd8
ef11d37f-f64e-4666-a16a-32f51721af48,20c38eb0-945f-4fa5-a84d-baf131177e56
ef188cee-f382-11f0-86fb-0a58a9feac02,ef1824b6-f382-11f0-86fb-0a58a9feac02
ef7211d9-3779-4d36-bfad-13d00e623095,cd6cf97b-a3e1-4690-9fcf-df8c0f5ccafa
efa76bc3-8f35-4fa5-b8a3-88def40aadf0,cd6cf97b-a3e1-4690-9fcf-df8c0f5ccafa
efbbd81a-f245-11f0-9188-0a58a9feac02,efbb73f2-f245-11f0-9188-0a58a9feac02
f00fb337-b27a-4775-85fc-b66073e0d7bb,d6b94eb8-62db-4661-87b1-47f2bfda422c
f02033b6-f810-11f0-8b45-0a58a9feac02,f01fd416-f810-11f0-8b45-0a58a9feac02
f035a730-2e5c-44f4-88af-a88249e73743,56ace587-47cb-4ea2-8563-0f4dff2cebab
f060bb74-7685-4d46-a857-bc1b7077c61e,0694f5bb-504d-48eb-89ce-531904c946a6
f11f037a-0b41-11f1-b9dd-0a58a9feac02,f11ea38a-0b41-11f1-b9dd-0a58a9feac02
f152e114-b645-11f0-87a9-0a58a9feac02,f1525be0-b645-11f0-87a9-0a58a9feac02
f1810be3-59fb-473a-bb0b-5ed615a37c11,31919519-55f2-4169-8c1a-c82430276cb7
f2438c42-b5d8-49d1-a6ea-3087be31407e,841eb62d-0aa3-466e-be36-b6051c3bac13
f341bf35-2bc7-4e6e-8fba-c08eb3d95cf2,33de94cf-8923-4102-879e-cabb44853b0a
f352ff68-c611-11f0-9658-0a58a9feac02,f352a3d8-c611-11f0-9658-0a58a9feac02
f36a23f5-ed47-459c-a016-1e50bffc0d9e,5378e2b4-12af-434b-bf46-ddf0abffd016
f3f622b3-b1f6-4f96-839d-751d9dbd0e93,3e213917-35f4-4d91-bd3e-b99f8beacfe4
f43866c8-ef8e-420b-a8f5-89590fa35947,efb0097b-3340-4586-a78b-965c52c18d3d
f477d47e-4385-4d50-99e0-99476a9edcd7,293aa888-aacd-4beb-8167-dddb7f575c94
f4c29f22-739b-422f-979e-dfd194b9055c,4fc8f46e-9e1d-4501-bd74-fd17c2f61f7d
f4e4921c-dd1f-4928-bbce-b73c9bc9726c,4fcfb37e-b103-411d-9b80-25aa7af44768
f5bb4cbc-b9b6-4837-a0d8-79d9de3b58fe,5f17ece3-2d4f-461b-911b-57a05f0aa096
f5c6b5ac-2102-4034-b91a-16cfd61e4569,e7934885-7869-4520-962d-7bf1b3eab77d
f6b05e23-f6bd-4a01-a66b-6e14ebc1720e,4fd70eb8-6cea-4fda-af2d-c4929a23e2f1
f703b357-9360-4a55-bb6c-ffd7e9cb71ff,0fbea108-f857-4c11-b7fb-33e86b9bab9a
f78c7d5f-a4f2-4ecb-87ff-51182d4ecd39,b3d88de2-9d8f-4952-afc7-522c60b5a40d
f7eb9b5a-c8d3-45c1-b7fe-82e3bfb7f73e,bf42ffca-f7b5-4d10-8875-c5e0985b590c
f8055f05-619e-42fb-9177-1a5147482eb7,9c50ef42-1fde-42cc-9e95-b215a845774d
f91c13ae-fc20-11f0-bc3b-0a58a9feac02,f91bc28c-fc20-11f0-bc3b-0a58a9feac02
f92e7c38-57ff-49e9-8b07-fda668c984ae,ff7fd024-ae30-4c42-bfa4-272bb0e7062b
fad9c6be-928c-4276-9991-538fa16777fb,fe733346-45b6-43f5-b22d-4c24122a02cf
fb56fa68-e264-42ca-bbb2-33584be8a610,6ab3fb80-bb04-47ae-be32-b1c3d37b6f84
fbc83e86-9698-11f0-a3cb-0a58a9feac02,fbc7de82-9698-11f0-a3cb-0a58a9feac02
fc36dcdd-df00-4738-bfd6-c76c4965f7f3,57a0cc7b-29c4-4051-96e6-d20c6d28d304
fcb58cd3-e4c8-4f4f-a68c-d8662f15789e,40a00801-ec95-451b-95c9-9f5ef7ad8b24
fd324dfe-00ea-11f1-860c-0a58a9feac02,fd31eb8e-00ea-11f1-860c-0a58a9feac02
fd8fb316-b28b-11f0-acc2-0a58a9feac02,fd8f3544-b28b-11f0-acc2-0a58a9feac02
fe221265-daa8-42d0-ac26-e17f1b4f6e7c,602df2bd-2317-46d8-9812-20b5b57707db
fe386757-3310-41c5-9e9e-0a6d6df2a3ae,edf8cb9e-4081-435b-a8b2-f28fae25a8ad
fe3ad2da-fc20-11f0-bf2c-0a58a9feac02,fe3a7f2e-fc20-11f0-bf2c-0a58a9feac02
fe5646d2-9770-4a59-86f7-67b35ba44231,50e9b6f7-ae08-4117-ad56-8a767003c0e5
fe755ad0-169e-4d7f-b657-3187535f9247,22f2f89f-8c49-4412-b7ed-19d4d7ab650d
fe7889bb-4a28-4edb-bbfa-b5faf2271a6f,73e45335-fc59-4c57-9dda-c472f365bfa2
febe2210-1a58-11f1-81e4-0a58a9feac02,febdc068-1a58-11f1-81e4-0a58a9feac02
fef7a666-1ddc-11f1-bb0b-0a58a9feac02,fef7493c-1ddc-11f1-bb0b-0a58a9feac02
ff3421c4-0cc7-470d-a748-012032caecb7,6b8665f8-4abb-482e-84d5-b0f5dd8913b6
ff5312d2-05b1-4019-9dcf-2147a202d971,b994f427-c3f4-46bc-8a4c-07a172e2c3d3
ffa02b9e-d8a2-11f0-8c16-0a58a9feac02,ff9fc88e-d8a2-11f0-8c16-0a58a9feac02
ffc6cd96-bffa-11f0-91a6-0a58a9feac02,ffc64768-bffa-11f0-91a6-0a58a9feac02
